期刊全称,ISO缩写,ISSN,eISSN,reason,added_by,updated
BRITISH JOURNAL OF BIOMEDICAL SCIENCE,BRIT J BIOMED SCI,0967-4845,2474-0896,Frontiers系列：有更好匹配时不荐；仅层额不足或用户点名时可作备选,user-2026-09-19,2026-09-19
Frontiers in Public Health,FRONT PUBLIC HEALTH,,2296-2565,Frontiers系列：有更好匹配时不荐；仅层额不足或用户点名时可作备选,user-2026-09-19,2026-09-19
Frontiers in Immunology,FRONT IMMUNOL,1664-3224,1664-3224,Frontiers系列：有更好匹配时不荐；仅层额不足或用户点名时可作备选,user-2026-09-19,2026-09-19
Frontiers in Medicine,FRONT MED-LAUSANNE,,2296-858X,Frontiers系列：有更好匹配时不荐；仅层额不足或用户点名时可作备选,user-2026-09-19,2026-09-19
Frontiers in Pharmacology,FRONT PHARMACOL,,1663-9812,Frontiers系列：有更好匹配时不荐；仅层额不足或用户点名时可作备选,user-2026-09-19,2026-09-19
Frontiers in Microbiology,FRONT MICROBIOL,,1664-302X,Frontiers系列：有更好匹配时不荐；仅层额不足或用户点名时可作备选,user-2026-09-19,2026-09-19
Frontiers in Nutrition,FRONT NUTR,2296-861X,2296-861X,Frontiers系列：有更好匹配时不荐；仅层额不足或用户点名时可作备选,user-2026-09-19,2026-09-19
Frontiers in Endocrinology,FRONT ENDOCRINOL,1664-2392,1664-2392,Frontiers系列：有更好匹配时不荐；仅层额不足或用户点名时可作备选,user-2026-09-19,2026-09-19
Frontiers in Cellular and Infection Microbiology,FRONT CELL INFECT MI,2235-2988,2235-2988,Frontiers系列：有更好匹配时不荐；仅层额不足或用户点名时可作备选,user-2026-09-19,2026-09-19
Frontiers in Bioengineering and Biotechnology,FRONT BIOENG BIOTECH,2296-4185,2296-4185,Frontiers系列：有更好匹配时不荐；仅层额不足或用户点名时可作备选,user-2026-09-19,2026-09-19
Frontiers in Aging Neuroscience,FRONT AGING NEUROSCI,1663-4365,1663-4365,Frontiers系列：有更好匹配时不荐；仅层额不足或用户点名时可作备选,user-2026-09-19,2026-09-19
Frontiers in Digital Health,FRONT DIGIT HEALTH,,2673-253X,Frontiers系列：有更好匹配时不荐；仅层额不足或用户点名时可作备选,user-2026-09-19,2026-09-19
Frontiers in Oral Health,FRONT ORAL HEALTH,,2673-4842,Frontiers系列：有更好匹配时不荐；仅层额不足或用户点名时可作备选,user-2026-09-19,2026-09-19
Frontiers in Bioinformatics,FRONT BIOINFORM,,2673-7647,Frontiers系列：有更好匹配时不荐；仅层额不足或用户点名时可作备选,user-2026-09-19,2026-09-19
Frontiers in Rehabilitation Sciences,FRONT REHABIL SCI,,2673-6861,Frontiers系列：有更好匹配时不荐；仅层额不足或用户点名时可作备选,user-2026-09-19,2026-09-19
TRANSPLANT INTERNATIONAL,TRANSPL INT,0934-0874,1432-2277,Frontiers系列：有更好匹配时不荐；仅层额不足或用户点名时可作备选,user-2026-09-19,2026-09-19
Frontiers in Toxicology,FRONT TOXICOL,,2673-3080,Frontiers系列：有更好匹配时不荐；仅层额不足或用户点名时可作备选,user-2026-09-19,2026-09-19
Frontiers in Computational Neuroscience,FRONT COMPUT NEUROSC,,1662-5188,Frontiers系列：有更好匹配时不荐；仅层额不足或用户点名时可作备选,user-2026-09-19,2026-09-19
Frontiers in Big Data,FRONT BIG DATA,,2624-909X,Frontiers系列：有更好匹配时不荐；仅层额不足或用户点名时可作备选,user-2026-09-19,2026-09-19
Frontiers in Radiology,FRONT RADIOL,,2673-8740,Frontiers系列：有更好匹配时不荐；仅层额不足或用户点名时可作备选,user-2026-09-19,2026-09-19
Journal of Abdominal Wall Surgery,J ABDOM WALL SURG,,2813-2092,Frontiers系列：有更好匹配时不荐；仅层额不足或用户点名时可作备选,user-2026-09-19,2026-09-19
Frontiers in Neuroanatomy,FRONT NEUROANAT,1662-5129,1662-5129,Frontiers系列：有更好匹配时不荐；仅层额不足或用户点名时可作备选,user-2026-09-19,2026-09-19
Frontiers in Genome Editing,FRONT GENOME EDIT,,2673-3439,Frontiers系列：有更好匹配时不荐；仅层额不足或用户点名时可作备选,user-2026-09-19,2026-09-19
JOURNAL OF PHARMACY AND PHARMACEUTICAL SCIENCES,J PHARM PHARM SCI,,1482-1826,Frontiers系列：有更好匹配时不荐；仅层额不足或用户点名时可作备选,user-2026-09-19,2026-09-19
Frontiers in Drug Discovery,FRONT DRUG DISCOV,,2674-0338,Frontiers系列：有更好匹配时不荐；仅层额不足或用户点名时可作备选,user-2026-09-19,2026-09-19
PUBLIC HEALTH REVIEWS,PUBLIC HEALTH REV,,2107-6952,Frontiers系列：有更好匹配时不荐；仅层额不足或用户点名时可作备选,user-2026-09-19,2026-09-19
Frontiers in Synaptic Neuroscience,FRONT SYNAPTIC NEURO,1663-3563,1663-3563,Frontiers系列：有更好匹配时不荐；仅层额不足或用户点名时可作备选,user-2026-09-19,2026-09-19
FRONTIERS IN NEUROENDOCRINOLOGY,FRONT NEUROENDOCRIN,0091-3022,1095-6808,Frontiers系列：有更好匹配时不荐；仅层额不足或用户点名时可作备选,user-2026-09-19,2026-09-19
Frontiers in Oncology,FRONT ONCOL,2234-943X,2234-943X,Frontiers系列：有更好匹配时不荐；仅层额不足或用户点名时可作备选,user-2026-09-19,2026-09-19
Frontiers in Neurology,FRONT NEUROL,1664-2295,1664-2295,Frontiers系列：有更好匹配时不荐；仅层额不足或用户点名时可作备选,user-2026-09-19,2026-09-19
Frontiers in Psychiatry,FRONT PSYCHIATRY,1664-0640,1664-0640,Frontiers系列：有更好匹配时不荐；仅层额不足或用户点名时可作备选,user-2026-09-19,2026-09-19
Frontiers in Pediatrics,FRONT PEDIATR,2296-2360,2296-2360,Frontiers系列：有更好匹配时不荐；仅层额不足或用户点名时可作备选,user-2026-09-19,2026-09-19
Frontiers in Cardiovascular Medicine,FRONT CARDIOVASC MED,2297-055X,2297-055X,Frontiers系列：有更好匹配时不荐；仅层额不足或用户点名时可作备选,user-2026-09-19,2026-09-19
Frontiers in Surgery,FRONT SURG,2296-875X,2296-875X,Frontiers系列：有更好匹配时不荐；仅层额不足或用户点名时可作备选,user-2026-09-19,2026-09-19
Frontiers in Genetics,FRONT GENET,,1664-8021,Frontiers系列：有更好匹配时不荐；仅层额不足或用户点名时可作备选,user-2026-09-19,2026-09-19
Frontiers in Neuroscience,FRONT NEUROSCI-SWITZ,,1662-453X,Frontiers系列：有更好匹配时不荐；仅层额不足或用户点名时可作备选,user-2026-09-19,2026-09-19
Frontiers in Sports and Active Living,FRONT SPORTS ACT LIV,,2624-9367,Frontiers系列：有更好匹配时不荐；仅层额不足或用户点名时可作备选,user-2026-09-19,2026-09-19
Frontiers in Cell and Developmental Biology,FRONT CELL DEV BIOL,2296-634X,2296-634X,Frontiers系列：有更好匹配时不荐；仅层额不足或用户点名时可作备选,user-2026-09-19,2026-09-19
Frontiers in Human Neuroscience,FRONT HUM NEUROSCI,1662-5161,1662-5161,Frontiers系列：有更好匹配时不荐；仅层额不足或用户点名时可作备选,user-2026-09-19,2026-09-19
Frontiers in Molecular Biosciences,FRONT MOL BIOSCI,,2296-889X,Frontiers系列：有更好匹配时不荐；仅层额不足或用户点名时可作备选,user-2026-09-19,2026-09-19
Frontiers in Global Womens Health,FRONT GLOB WOMEN HLT,,2673-5059,Frontiers系列：有更好匹配时不荐；仅层额不足或用户点名时可作备选,user-2026-09-19,2026-09-19
Frontiers in Health Services,FRONT HEALTH SERV,,2813-0146,Frontiers系列：有更好匹配时不荐；仅层额不足或用户点名时可作备选,user-2026-09-19,2026-09-19
Frontiers in Bioscience-Landmark,FRONT BIOSCI-LANDMRK,2768-6701,2768-6698,Frontiers系列：有更好匹配时不荐；仅层额不足或用户点名时可作备选,user-2026-09-19,2026-09-19
Frontiers in Cellular Neuroscience,FRONT CELL NEUROSCI,,1662-5102,Frontiers系列：有更好匹配时不荐；仅层额不足或用户点名时可作备选,user-2026-09-19,2026-09-19
Frontiers in Reproductive Health,FRONT REPROD HEALTH,,2673-3153,Frontiers系列：有更好匹配时不荐；仅层额不足或用户点名时可作备选,user-2026-09-19,2026-09-19
Frontiers in Aging,FRONT AGING-LAUSANNE,,2673-6217,Frontiers系列：有更好匹配时不荐；仅层额不足或用户点名时可作备选,user-2026-09-19,2026-09-19
Frontiers in Pain Research,FRONT PAIN RES,,2673-561X,Frontiers系列：有更好匹配时不荐；仅层额不足或用户点名时可作备选,user-2026-09-19,2026-09-19
International Journal of Public Health,INT J PUBLIC HEALTH,1661-8556,1661-8564,Frontiers系列：有更好匹配时不荐；仅层额不足或用户点名时可作备选,user-2026-09-19,2026-09-19
Frontiers in Allergy,FRONT ALLERGY,,2673-6101,Frontiers系列：有更好匹配时不荐；仅层额不足或用户点名时可作备选,user-2026-09-19,2026-09-19
Frontiers in Behavioral Neuroscience,FRONT BEHAV NEUROSCI,1662-5153,,Frontiers系列：有更好匹配时不荐；仅层额不足或用户点名时可作备选,user-2026-09-19,2026-09-19
Frontiers in Dental Medicine,FRONT DENT MED,,2673-4915,Frontiers系列：有更好匹配时不荐；仅层额不足或用户点名时可作备选,user-2026-09-19,2026-09-19
Frontiers in Molecular Neuroscience,FRONT MOL NEUROSCI,1662-5099,1662-5099,Frontiers系列：有更好匹配时不荐；仅层额不足或用户点名时可作备选,user-2026-09-19,2026-09-19
Frontiers in Ophthalmology,FRONT OPHTHALMOL-SWI,,2674-0826,Frontiers系列：有更好匹配时不荐；仅层额不足或用户点名时可作备选,user-2026-09-19,2026-09-19
EXPERIMENTAL BIOLOGY AND MEDICINE,EXP BIOL MED,1535-3702,1535-3699,Frontiers系列：有更好匹配时不荐；仅层额不足或用户点名时可作备选,user-2026-09-19,2026-09-19
Frontiers in Neurorobotics,FRONT NEUROROBOTICS,1662-5218,1662-5218,Frontiers系列：有更好匹配时不荐；仅层额不足或用户点名时可作备选,user-2026-09-19,2026-09-19
Frontiers in Nephrology,FRONT NEPHROL,,2813-0626,Frontiers系列：有更好匹配时不荐；仅层额不足或用户点名时可作备选,user-2026-09-19,2026-09-19
Frontiers in Epidemiology,FRONT EPIDEMIOL,,2674-1199,Frontiers系列：有更好匹配时不荐；仅层额不足或用户点名时可作备选,user-2026-09-19,2026-09-19
Frontiers in Clinical Diabetes and Healthcare,FRONT CLIN DIABETES,,2673-6616,Frontiers系列：有更好匹配时不荐；仅层额不足或用户点名时可作备选,user-2026-09-19,2026-09-19
Frontiers in Neuroinformatics,FRONT NEUROINFORM,,1662-5196,Frontiers系列：有更好匹配时不荐；仅层额不足或用户点名时可作备选,user-2026-09-19,2026-09-19
PATHOLOGY & ONCOLOGY RESEARCH,PATHOL ONCOL RES,1219-4956,1532-2807,Frontiers系列：有更好匹配时不荐；仅层额不足或用户点名时可作备选,user-2026-09-19,2026-09-19
Frontiers in Medical Technology,FRONT MED TECHNOL,,2673-3129,Frontiers系列：有更好匹配时不荐；仅层额不足或用户点名时可作备选,user-2026-09-19,2026-09-19
Frontiers in Systems Neuroscience,FRONT SYST NEUROSCI,,1662-5137,Frontiers系列：有更好匹配时不荐；仅层额不足或用户点名时可作备选,user-2026-09-19,2026-09-19
Frontiers in Chemical Engineering,FRONT CHEM ENG,,2673-2718,Frontiers系列：有更好匹配时不荐；仅层额不足或用户点名时可作备选,user-2026-09-19,2026-09-19
Frontiers in Nuclear Medicine,FRONT NUCL MED,,2673-8880,Frontiers系列：有更好匹配时不荐；仅层额不足或用户点名时可作备选,user-2026-09-19,2026-09-19
Frontiers in Parasitology,FRONT PARASITOL-SWIT,,2813-2424,Frontiers系列：有更好匹配时不荐；仅层额不足或用户点名时可作备选,user-2026-09-19,2026-09-19
Frontiers in Antibiotics,FRONT ANTIBIOT,,2813-2467,Frontiers系列：有更好匹配时不荐；仅层额不足或用户点名时可作备选,user-2026-09-19,2026-09-19
Frontiers in Systems Biology,FRONT SYST BIOL,,2674-0702,Frontiers系列：有更好匹配时不荐；仅层额不足或用户点名时可作备选,user-2026-09-19,2026-09-19
Oncology Reviews,ONCOL REV,1970-5565,1970-5557,Frontiers系列：有更好匹配时不荐；仅层额不足或用户点名时可作备选,user-2026-09-19,2026-09-19
Frontiers in Drug Delivery,FRONT DRUG DELIV,,2674-0850,Frontiers系列：有更好匹配时不荐；仅层额不足或用户点名时可作备选,user-2026-09-19,2026-09-19
Frontiers in Child and Adolescent Psychiatry,FRONT CHILD ADOLESC,,2813-4540,Frontiers系列：有更好匹配时不荐；仅层额不足或用户点名时可作备选,user-2026-09-19,2026-09-19
Frontiers in Microbiomes,FRONT MICROBIOMES,,2813-4338,Frontiers系列：有更好匹配时不荐；仅层额不足或用户点名时可作备选,user-2026-09-19,2026-09-19
Frontiers in Neural Circuits,FRONT NEURAL CIRCUIT,,1662-5110,Frontiers系列：有更好匹配时不荐；仅层额不足或用户点名时可作备选,user-2026-09-19,2026-09-19
Frontiers in Transplantation,FRONT TRANSPLANT,,2813-2440,Frontiers系列：有更好匹配时不荐；仅层额不足或用户点名时可作备选,user-2026-09-19,2026-09-19
Frontiers in Sleep,FRONT SLEEP,,2813-2890,Frontiers系列：有更好匹配时不荐；仅层额不足或用户点名时可作备选,user-2026-09-19,2026-09-19
Frontiers in Neuroimaging,FRONT NEUROIMAGING,,2813-1193,Frontiers系列：有更好匹配时不荐；仅层额不足或用户点名时可作备选,user-2026-09-19,2026-09-19
Frontiers in Emergency Medicine,FRONT EMERG MED,,2717-3593,Frontiers系列：有更好匹配时不荐；仅层额不足或用户点名时可作备选,user-2026-09-19,2026-09-19
Frontiers in Virology,FRONT VIROL-LAUSANNE,,2673-818X,Frontiers系列：有更好匹配时不荐；仅层额不足或用户点名时可作备选,user-2026-09-19,2026-09-19
Frontiers in Urology,FRONT UROL,,2673-9828,Frontiers系列：有更好匹配时不荐；仅层额不足或用户点名时可作备选,user-2026-09-19,2026-09-19
Frontiers in Neuroergonomics,FRONT NEUROERGONOM,,2673-6195,Frontiers系列：有更好匹配时不荐；仅层额不足或用户点名时可作备选,user-2026-09-19,2026-09-19
Frontiers in Dementia,FRONT DEMENT,,2813-3919,Frontiers系列：有更好匹配时不荐；仅层额不足或用户点名时可作备选,user-2026-09-19,2026-09-19
Frontiers in Integrative Neuroscience,FRONT INTEGR NEUROSC,1662-5145,1662-5145,Frontiers系列：有更好匹配时不荐；仅层额不足或用户点名时可作备选,user-2026-09-19,2026-09-19
