journal_name,abbreviation,publisher_hint,note
BRITISH JOURNAL OF BIOMEDICAL SCIENCE,BRIT J BIOMED SCI,FRONTIERS MEDIA SA,Frontiers系列灰名单
Frontiers in Public Health,FRONT PUBLIC HEALTH,FRONTIERS MEDIA SA,Frontiers系列灰名单
Frontiers in Immunology,FRONT IMMUNOL,FRONTIERS MEDIA SA,Frontiers系列灰名单
Frontiers in Medicine,FRONT MED-LAUSANNE,FRONTIERS MEDIA SA,Frontiers系列灰名单
Frontiers in Pharmacology,FRONT PHARMACOL,FRONTIERS MEDIA SA,Frontiers系列灰名单
Frontiers in Microbiology,FRONT MICROBIOL,FRONTIERS MEDIA SA,Frontiers系列灰名单
Frontiers in Nutrition,FRONT NUTR,FRONTIERS MEDIA SA,Frontiers系列灰名单
Frontiers in Endocrinology,FRONT ENDOCRINOL,FRONTIERS MEDIA SA,Frontiers系列灰名单
Frontiers in Cellular and Infection Microbiology,FRONT CELL INFECT MI,FRONTIERS MEDIA SA,Frontiers系列灰名单
Frontiers in Bioengineering and Biotechnology,FRONT BIOENG BIOTECH,FRONTIERS MEDIA SA,Frontiers系列灰名单
Frontiers in Aging Neuroscience,FRONT AGING NEUROSCI,FRONTIERS MEDIA SA,Frontiers系列灰名单
Frontiers in Digital Health,FRONT DIGIT HEALTH,FRONTIERS MEDIA SA,Frontiers系列灰名单
Frontiers in Oral Health,FRONT ORAL HEALTH,FRONTIERS MEDIA SA,Frontiers系列灰名单
Frontiers in Bioinformatics,FRONT BIOINFORM,FRONTIERS MEDIA SA,Frontiers系列灰名单
Frontiers in Rehabilitation Sciences,FRONT REHABIL SCI,FRONTIERS MEDIA SA,Frontiers系列灰名单
TRANSPLANT INTERNATIONAL,TRANSPL INT,FRONTIERS MEDIA SA,Frontiers系列灰名单
Frontiers in Toxicology,FRONT TOXICOL,FRONTIERS MEDIA SA,Frontiers系列灰名单
Frontiers in Computational Neuroscience,FRONT COMPUT NEUROSC,FRONTIERS MEDIA SA,Frontiers系列灰名单
Frontiers in Big Data,FRONT BIG DATA,FRONTIERS MEDIA SA,Frontiers系列灰名单
Frontiers in Radiology,FRONT RADIOL,FRONTIERS MEDIA SA,Frontiers系列灰名单
Journal of Abdominal Wall Surgery,J ABDOM WALL SURG,FRONTIERS MEDIA SA,Frontiers系列灰名单
Frontiers in Neuroanatomy,FRONT NEUROANAT,FRONTIERS MEDIA SA,Frontiers系列灰名单
Frontiers in Genome Editing,FRONT GENOME EDIT,FRONTIERS MEDIA SA,Frontiers系列灰名单
JOURNAL OF PHARMACY AND PHARMACEUTICAL SCIENCES,J PHARM PHARM SCI,FRONTIERS MEDIA SA,Frontiers系列灰名单
Frontiers in Drug Discovery,FRONT DRUG DISCOV,FRONTIERS MEDIA SA,Frontiers系列灰名单
PUBLIC HEALTH REVIEWS,PUBLIC HEALTH REV,FRONTIERS MEDIA SA,Frontiers系列灰名单
Frontiers in Synaptic Neuroscience,FRONT SYNAPTIC NEURO,FRONTIERS MEDIA SA,Frontiers系列灰名单
FRONTIERS IN NEUROENDOCRINOLOGY,FRONT NEUROENDOCRIN,FRONTIERS MEDIA SA,Frontiers系列灰名单
Frontiers in Oncology,FRONT ONCOL,FRONTIERS MEDIA SA,Frontiers系列灰名单
Frontiers in Neurology,FRONT NEUROL,FRONTIERS MEDIA SA,Frontiers系列灰名单
Frontiers in Psychiatry,FRONT PSYCHIATRY,FRONTIERS MEDIA SA,Frontiers系列灰名单
Frontiers in Pediatrics,FRONT PEDIATR,FRONTIERS MEDIA SA,Frontiers系列灰名单
Frontiers in Cardiovascular Medicine,FRONT CARDIOVASC MED,FRONTIERS MEDIA SA,Frontiers系列灰名单
Frontiers in Surgery,FRONT SURG,FRONTIERS MEDIA SA,Frontiers系列灰名单
Frontiers in Genetics,FRONT GENET,FRONTIERS MEDIA SA,Frontiers系列灰名单
Frontiers in Neuroscience,FRONT NEUROSCI-SWITZ,FRONTIERS MEDIA SA,Frontiers系列灰名单
Frontiers in Sports and Active Living,FRONT SPORTS ACT LIV,FRONTIERS MEDIA SA,Frontiers系列灰名单
Frontiers in Cell and Developmental Biology,FRONT CELL DEV BIOL,FRONTIERS MEDIA SA,Frontiers系列灰名单
Frontiers in Human Neuroscience,FRONT HUM NEUROSCI,FRONTIERS MEDIA SA,Frontiers系列灰名单
Frontiers in Molecular Biosciences,FRONT MOL BIOSCI,FRONTIERS MEDIA SA,Frontiers系列灰名单
Frontiers in Global Womens Health,FRONT GLOB WOMEN HLT,FRONTIERS MEDIA SA,Frontiers系列灰名单
Frontiers in Health Services,FRONT HEALTH SERV,FRONTIERS MEDIA SA,Frontiers系列灰名单
Frontiers in Bioscience-Landmark,FRONT BIOSCI-LANDMRK,FRONTIERS MEDIA SA,Frontiers系列灰名单
Frontiers in Cellular Neuroscience,FRONT CELL NEUROSCI,FRONTIERS MEDIA SA,Frontiers系列灰名单
Frontiers in Reproductive Health,FRONT REPROD HEALTH,FRONTIERS MEDIA SA,Frontiers系列灰名单
Frontiers in Aging,FRONT AGING-LAUSANNE,FRONTIERS MEDIA SA,Frontiers系列灰名单
Frontiers in Pain Research,FRONT PAIN RES,FRONTIERS MEDIA SA,Frontiers系列灰名单
International Journal of Public Health,INT J PUBLIC HEALTH,FRONTIERS MEDIA SA,Frontiers系列灰名单
Frontiers in Allergy,FRONT ALLERGY,FRONTIERS MEDIA SA,Frontiers系列灰名单
Frontiers in Behavioral Neuroscience,FRONT BEHAV NEUROSCI,FRONTIERS MEDIA SA,Frontiers系列灰名单
Frontiers in Dental Medicine,FRONT DENT MED,FRONTIERS MEDIA SA,Frontiers系列灰名单
Frontiers in Molecular Neuroscience,FRONT MOL NEUROSCI,FRONTIERS MEDIA SA,Frontiers系列灰名单
Frontiers in Ophthalmology,FRONT OPHTHALMOL-SWI,FRONTIERS MEDIA SA,Frontiers系列灰名单
EXPERIMENTAL BIOLOGY AND MEDICINE,EXP BIOL MED,FRONTIERS MEDIA SA,Frontiers系列灰名单
Frontiers in Neurorobotics,FRONT NEUROROBOTICS,FRONTIERS MEDIA SA,Frontiers系列灰名单
Frontiers in Nephrology,FRONT NEPHROL,FRONTIERS MEDIA SA,Frontiers系列灰名单
Frontiers in Epidemiology,FRONT EPIDEMIOL,FRONTIERS MEDIA SA,Frontiers系列灰名单
Frontiers in Clinical Diabetes and Healthcare,FRONT CLIN DIABETES,FRONTIERS MEDIA SA,Frontiers系列灰名单
Frontiers in Neuroinformatics,FRONT NEUROINFORM,FRONTIERS MEDIA SA,Frontiers系列灰名单
PATHOLOGY & ONCOLOGY RESEARCH,PATHOL ONCOL RES,FRONTIERS MEDIA SA,Frontiers系列灰名单
Frontiers in Medical Technology,FRONT MED TECHNOL,FRONTIERS MEDIA SA,Frontiers系列灰名单
Frontiers in Systems Neuroscience,FRONT SYST NEUROSCI,FRONTIERS MEDIA SA,Frontiers系列灰名单
Frontiers in Chemical Engineering,FRONT CHEM ENG,FRONTIERS MEDIA SA,Frontiers系列灰名单
Frontiers in Nuclear Medicine,FRONT NUCL MED,FRONTIERS MEDIA SA,Frontiers系列灰名单
Frontiers in Parasitology,FRONT PARASITOL-SWIT,FRONTIERS MEDIA SA,Frontiers系列灰名单
Frontiers in Antibiotics,FRONT ANTIBIOT,FRONTIERS MEDIA SA,Frontiers系列灰名单
Frontiers in Systems Biology,FRONT SYST BIOL,FRONTIERS MEDIA SA,Frontiers系列灰名单
Oncology Reviews,ONCOL REV,FRONTIERS MEDIA SA,Frontiers系列灰名单
Frontiers in Drug Delivery,FRONT DRUG DELIV,FRONTIERS MEDIA SA,Frontiers系列灰名单
Frontiers in Child and Adolescent Psychiatry,FRONT CHILD ADOLESC,FRONTIERS MEDIA SA,Frontiers系列灰名单
Frontiers in Microbiomes,FRONT MICROBIOMES,FRONTIERS MEDIA SA,Frontiers系列灰名单
Frontiers in Neural Circuits,FRONT NEURAL CIRCUIT,FRONTIERS MEDIA SA,Frontiers系列灰名单
Frontiers in Transplantation,FRONT TRANSPLANT,FRONTIERS MEDIA SA,Frontiers系列灰名单
Frontiers in Sleep,FRONT SLEEP,FRONTIERS MEDIA SA,Frontiers系列灰名单
Frontiers in Neuroimaging,FRONT NEUROIMAGING,FRONTIERS MEDIA SA,Frontiers系列灰名单
Frontiers in Emergency Medicine,FRONT EMERG MED,FRONTIERS MEDIA SA,Frontiers系列灰名单
Frontiers in Virology,FRONT VIROL-LAUSANNE,FRONTIERS MEDIA SA,Frontiers系列灰名单
Frontiers in Urology,FRONT UROL,FRONTIERS MEDIA SA,Frontiers系列灰名单
Frontiers in Neuroergonomics,FRONT NEUROERGONOM,FRONTIERS MEDIA SA,Frontiers系列灰名单
Frontiers in Dementia,FRONT DEMENT,FRONTIERS MEDIA SA,Frontiers系列灰名单
Frontiers in Integrative Neuroscience,FRONT INTEGR NEUROSC,FRONTIERS MEDIA SA,Frontiers系列灰名单
