期刊全称,ISO缩写,ISSN,eISSN,标记原因,优先,备注,updated
3D Printing in Medicine,3D PRINT MED,,2365-6271,Medicine-in-name,1,白名单优先推荐；LWW MEDICINE 黑名单除外,2026-09-10
ACADEMIC EMERGENCY MEDICINE,ACAD EMERG MED,1069-6563,1553-2712,Medicine-in-name,1,白名单优先推荐；LWW MEDICINE 黑名单除外,2026-09-10
ACADEMIC MEDICINE,ACAD MED,1040-2446,1938-808X,Medicine-in-name,1,白名单优先推荐；LWW MEDICINE 黑名单除外,2026-09-10
Acupuncture and Herbal Medicine,ACUPUNCT HERB MED,2097-0226,2765-8619,Medicine-in-name,1,白名单优先推荐；LWW MEDICINE 黑名单除外,2026-09-10
Acupuncture in Medicine,ACUPUNCT MED,0964-5284,1759-9873,Medicine-in-name,1,白名单优先推荐；LWW MEDICINE 黑名单除外,2026-09-10
Acute Medicine & Surgery,ACUTE MED SURG,2052-8817,2052-8817,Medicine-in-name,1,白名单优先推荐；LWW MEDICINE 黑名单除外,2026-09-10
Advances in Clinical and Experimental Medicine,ADV CLIN EXP MED,1899-5276,2451-2680,Medicine-in-name,1,白名单优先推荐；LWW MEDICINE 黑名单除外,2026-09-10
Advances in Integrative Medicine,ADV INTEGR MED,2212-9588,2212-9596,Medicine-in-name,1,白名单优先推荐；LWW MEDICINE 黑名单除外,2026-09-10
Advances in Laboratory Medicine-Avances en Medicina de Laboratorio,ADV LAB MED,,2628-491X,Medicine-in-name,1,白名单优先推荐；LWW MEDICINE 黑名单除外,2026-09-10
Advances in Respiratory Medicine,ADV RESPIR MED,2451-4934,2543-6031,Medicine-in-name,1,白名单优先推荐；LWW MEDICINE 黑名单除外,2026-09-10
African Journal of Emergency Medicine,AFR J EMERG MED,2211-419X,2211-4203,Medicine-in-name,1,白名单优先推荐；LWW MEDICINE 黑名单除外,2026-09-10
African Journal of Primary Health Care & Family Medicine,AFR J PRIM HEALTH CA,2071-2928,2071-2936,Medicine-in-name,1,白名单优先推荐；LWW MEDICINE 黑名单除外,2026-09-10
Aging Medicine,AGING MED-PRC,,2475-0360,Medicine-in-name,1,白名单优先推荐；LWW MEDICINE 黑名单除外,2026-09-10
Alexandria Journal of Medicine,ALEX J MED,2090-5068,2090-5076,Medicine-in-name,1,白名单优先推荐；LWW MEDICINE 黑名单除外,2026-09-10
AMERICAN JOURNAL OF CHINESE MEDICINE,AM J CHINESE MED,0192-415X,1793-6853,Medicine-in-name,1,白名单优先推荐；LWW MEDICINE 黑名单除外,2026-09-10
AMERICAN JOURNAL OF EMERGENCY MEDICINE,AM J EMERG MED,0735-6757,1532-8171,Medicine-in-name,1,白名单优先推荐；LWW MEDICINE 黑名单除外,2026-09-10
AMERICAN JOURNAL OF INDUSTRIAL MEDICINE,AM J IND MED,0271-3586,1097-0274,Medicine-in-name,1,白名单优先推荐；LWW MEDICINE 黑名单除外,2026-09-10
American Journal of Lifestyle Medicine,AM J LIFESTYLE MED,1559-8276,1559-8284,Medicine-in-name,1,白名单优先推荐；LWW MEDICINE 黑名单除外,2026-09-10
American Journal of Medicine,AM J MED,0002-9343,1555-7162,Medicine-in-name,1,白名单优先推荐；LWW MEDICINE 黑名单除外,2026-09-10
American Journal of Nuclear Medicine and Molecular Imaging,AM J NUCL MED MOLEC,2160-8407,2160-8407,Medicine-in-name,1,白名单优先推荐；LWW MEDICINE 黑名单除外,2026-09-10
AMERICAN JOURNAL OF PHYSICAL MEDICINE & REHABILITATION,AM J PHYS MED REHAB,0894-9115,1537-7385,Medicine-in-name,1,白名单优先推荐；LWW MEDICINE 黑名单除外,2026-09-10
AMERICAN JOURNAL OF PREVENTIVE MEDICINE,AM J PREV MED,0749-3797,1873-2607,Medicine-in-name,1,白名单优先推荐；LWW MEDICINE 黑名单除外,2026-09-10
AMERICAN JOURNAL OF RESPIRATORY AND CRITICAL CARE MEDICINE,AM J RESP CRIT CARE,1073-449X,1535-4970,Medicine-in-name,1,白名单优先推荐；LWW MEDICINE 黑名单除外,2026-09-10
AMERICAN JOURNAL OF SPORTS MEDICINE,AM J SPORT MED,0363-5465,1552-3365,Medicine-in-name,1,白名单优先推荐；LWW MEDICINE 黑名单除外,2026-09-10
AMERICAN JOURNAL OF TROPICAL MEDICINE AND HYGIENE,AM J TROP MED HYG,0002-9637,1476-1645,Medicine-in-name,1,白名单优先推荐；LWW MEDICINE 黑名单除外,2026-09-10
Anaesthesia Critical Care & Pain Medicine,ANAESTH CRIT CARE PA,2352-5568,2352-5568,Medicine-in-name,1,白名单优先推荐；LWW MEDICINE 黑名单除外,2026-09-10
Anesthesia and Pain Medicine,ANESTH PAIN MED,1975-5171,2383-7977,Medicine-in-name,1,白名单优先推荐；LWW MEDICINE 黑名单除外,2026-09-10
Animal Models and Experimental Medicine,ANIM MODEL EXP MED,2096-5451,2576-2095,Medicine-in-name,1,白名单优先推荐；LWW MEDICINE 黑名单除外,2026-09-10
ANNALS ACADEMY OF MEDICINE SINGAPORE,ANN ACAD MED SINGAP,,2972-4066,Medicine-in-name,1,白名单优先推荐；LWW MEDICINE 黑名单除外,2026-09-10
Annals of African Medicine,ANN AFR MED,1596-3519,0975-5764,Medicine-in-name,1,白名单优先推荐；LWW MEDICINE 黑名单除外,2026-09-10
ANNALS OF AGRICULTURAL AND ENVIRONMENTAL MEDICINE,ANN AGR ENV MED,1232-1966,1898-2263,Medicine-in-name,1,白名单优先推荐；LWW MEDICINE 黑名单除外,2026-09-10
ANNALS OF EMERGENCY MEDICINE,ANN EMERG MED,0196-0644,1097-6760,Medicine-in-name,1,白名单优先推荐；LWW MEDICINE 黑名单除外,2026-09-10
ANNALS OF FAMILY MEDICINE,ANN FAM MED,1544-1709,1544-1717,Medicine-in-name,1,白名单优先推荐；LWW MEDICINE 黑名单除外,2026-09-10
Annals of Geriatric Medicine and Research,ANN GERIATR MED RES,2508-4909,2508-4909,Medicine-in-name,1,白名单优先推荐；LWW MEDICINE 黑名单除外,2026-09-10
ANNALS OF INTERNAL MEDICINE,ANN INTERN MED,0003-4819,1539-3704,Medicine-in-name,1,白名单优先推荐；LWW MEDICINE 黑名单除外,2026-09-10
Annals of Laboratory Medicine,ANN LAB MED,2234-3806,2234-3814,Medicine-in-name,1,白名单优先推荐；LWW MEDICINE 黑名单除外,2026-09-10
ANNALS OF MEDICINE,ANN MED,0785-3890,1365-2060,Medicine-in-name,1,白名单优先推荐；LWW MEDICINE 黑名单除外,2026-09-10
Annals of Medicine and Surgery,ANN MED SURG,2049-0801,2049-0801,Medicine-in-name,1,白名单优先推荐；LWW MEDICINE 黑名单除外,2026-09-10
ANNALS OF NUCLEAR MEDICINE,ANN NUCL MED,0914-7187,1864-6433,Medicine-in-name,1,白名单优先推荐；LWW MEDICINE 黑名单除外,2026-09-10
Annals of Occupational and Environmental Medicine,ANN OCCUP ENVIRON ME,2052-4374,2052-4374,Medicine-in-name,1,白名单优先推荐；LWW MEDICINE 黑名单除外,2026-09-10
Annals of Physical and Rehabilitation Medicine,ANN PHYS REHABIL MED,1877-0657,1877-0665,Medicine-in-name,1,白名单优先推荐；LWW MEDICINE 黑名单除外,2026-09-10
Annals of Rehabilitation Medicine-ARM,ANN REHABIL MED-ARM,,2234-0653,Medicine-in-name,1,白名单优先推荐；LWW MEDICINE 黑名单除外,2026-09-10
ANNALS OF SAUDI MEDICINE,ANN SAUDI MED,0256-4947,1319-9226,Medicine-in-name,1,白名单优先推荐；LWW MEDICINE 黑名单除外,2026-09-10
Annals of Thoracic Medicine,ANN THORAC MED,1817-1737,1998-3557,Medicine-in-name,1,白名单优先推荐；LWW MEDICINE 黑名单除外,2026-09-10
Annual Review of Medicine,ANNU REV MED,0066-4219,1545-326X,Medicine-in-name,1,白名单优先推荐；LWW MEDICINE 黑名单除外,2026-09-10
Apunts Sports Medicine,APUNTS SPORTS MED,,2666-5069,Medicine-in-name,1,白名单优先推荐；LWW MEDICINE 黑名单除外,2026-09-10
Archives of Academic Emergency Medicine,ARCH ACAD EMERG MED,,2645-4904,Medicine-in-name,1,白名单优先推荐；LWW MEDICINE 黑名单除外,2026-09-10
Archives of Iranian Medicine,ARCH IRAN MED,1029-2977,1735-3947,Medicine-in-name,1,白名单优先推荐；LWW MEDICINE 黑名单除外,2026-09-10
ARCHIVES OF PATHOLOGY & LABORATORY MEDICINE,ARCH PATHOL LAB MED,0003-9985,1543-2165,Medicine-in-name,1,白名单优先推荐；LWW MEDICINE 黑名单除外,2026-09-10
ARCHIVES OF PHYSICAL MEDICINE AND REHABILITATION,ARCH PHYS MED REHAB,0003-9993,1532-821X,Medicine-in-name,1,白名单优先推荐；LWW MEDICINE 黑名单除外,2026-09-10
Artificial Cells Nanomedicine and Biotechnology,ARTIF CELL NANOMED B,2169-1401,2169-141X,Medicine-in-name,1,白名单优先推荐；LWW MEDICINE 黑名单除外,2026-09-10
Artificial Intelligence in Medicine,ARTIF INTELL MED,0933-3657,1873-2860,Medicine-in-name,1,白名单优先推荐；LWW MEDICINE 黑名单除外,2026-09-10
Asia-Pacific Journal of Sports Medicine Arthroscopy Rehabilitation and Technology,ASIA-PAC J SPORT MED,2214-6873,2214-6873,Medicine-in-name,1,白名单优先推荐；LWW MEDICINE 黑名单除外,2026-09-10
Asian Pacific Journal of Tropical Biomedicine,ASIAN PAC J TROP BIO,2221-1691,2588-9222,Medicine-in-name,1,白名单优先推荐；LWW MEDICINE 黑名单除外,2026-09-10
Asian Pacific Journal of Tropical Medicine,ASIAN PAC J TROP MED,1995-7645,2352-4146,Medicine-in-name,1,白名单优先推荐；LWW MEDICINE 黑名单除外,2026-09-10
Aspects of Molecular Medicine,ASPECTS MOL MED,,2949-6888,Medicine-in-name,1,白名单优先推荐；LWW MEDICINE 黑名单除外,2026-09-10
Avicenna Journal of Phytomedicine,AVICENNA J PHYTOMEDI,2228-7930,2228-7949,Medicine-in-name,1,白名单优先推荐；LWW MEDICINE 黑名单除外,2026-09-10
Behavioral Sleep Medicine,BEHAV SLEEP MED,1540-2002,1540-2010,Medicine-in-name,1,白名单优先推荐；LWW MEDICINE 黑名单除外,2026-09-10
Bioelectronic Medicine,BIOELECTRON MED-US,,2332-8886,Medicine-in-name,1,白名单优先推荐；LWW MEDICINE 黑名单除外,2026-09-10
Bioengineering & Translational Medicine,BIOENG TRANSL MED,,2380-6761,Medicine-in-name,1,白名单优先推荐；LWW MEDICINE 黑名单除外,2026-09-10
Biomarkers in Medicine,BIOMARK MED,1752-0363,1752-0371,Medicine-in-name,1,白名单优先推荐；LWW MEDICINE 黑名单除外,2026-09-10
BioMedicine-Taiwan,BIOMEDICINE-TAIWAN,2211-8020,2211-8039,Medicine-in-name,1,白名单优先推荐；LWW MEDICINE 黑名单除外,2026-09-10
Biomedicines,BIOMEDICINES,,2227-9059,Medicine-in-name,1,白名单优先推荐；LWW MEDICINE 黑名单除外,2026-09-10
Biomolecules and Biomedicine,BIOMOL BIOMED,2831-0896,2831-090X,Medicine-in-name,1,白名单优先推荐；LWW MEDICINE 黑名单除外,2026-09-10
BioPsychoSocial Medicine,BIOPSYCHOSOC MED,1751-0759,1751-0759,Medicine-in-name,1,白名单优先推荐；LWW MEDICINE 黑名单除外,2026-09-10
BMC Anesthesiology,BMC ANESTHESIOL,1471-2253,1471-2253,BMC,1,白名单优先推荐；LWW MEDICINE 黑名单除外,2026-09-10
BMC BIOINFORMATICS,BMC BIOINFORMATICS,1471-2105,1471-2105,BMC,1,白名单优先推荐；LWW MEDICINE 黑名单除外,2026-09-10
BMC BIOLOGY,BMC BIOL,,1741-7007,BMC,1,白名单优先推荐；LWW MEDICINE 黑名单除外,2026-09-10
BMC BIOTECHNOLOGY,BMC BIOTECHNOL,,1472-6750,BMC,1,白名单优先推荐；LWW MEDICINE 黑名单除外,2026-09-10
BMC CANCER,BMC CANCER,,1471-2407,BMC,1,白名单优先推荐；LWW MEDICINE 黑名单除外,2026-09-10
BMC Cardiovascular Disorders,BMC CARDIOVASC DISOR,1471-2261,1471-2261,BMC,1,白名单优先推荐；LWW MEDICINE 黑名单除外,2026-09-10
BMC Complementary Medicine and Therapies,BMC COMPLEMENT MED,,2662-7671,BMC+Medicine-in-name,1,白名单优先推荐；LWW MEDICINE 黑名单除外,2026-09-10
BMC Digital Health,BMC DIGIT HEALTH,,2731-684X,BMC,1,白名单优先推荐；LWW MEDICINE 黑名单除外,2026-09-10
BMC Ecology and Evolution,BMC ECOL EVOL,,2730-7182,BMC,1,白名单优先推荐；LWW MEDICINE 黑名单除外,2026-09-10
BMC EMERGENCY MEDICINE,BMC EMERG MED,1471-227X,1471-227X,BMC+Medicine-in-name,1,白名单优先推荐；LWW MEDICINE 黑名单除外,2026-09-10
BMC Endocrine Disorders,BMC ENDOCR DISORD,,1472-6823,BMC,1,白名单优先推荐；LWW MEDICINE 黑名单除外,2026-09-10
BMC GASTROENTEROLOGY,BMC GASTROENTEROL,,1471-230X,BMC,1,白名单优先推荐；LWW MEDICINE 黑名单除外,2026-09-10
BMC Genomic Data,BMC GENOMIC DATA,,2730-6844,BMC,1,白名单优先推荐；LWW MEDICINE 黑名单除外,2026-09-10
BMC GENOMICS,BMC GENOMICS,1471-2164,1471-2164,BMC,1,白名单优先推荐；LWW MEDICINE 黑名单除外,2026-09-10
BMC Geriatrics,BMC GERIATR,,1471-2318,BMC,1,白名单优先推荐；LWW MEDICINE 黑名单除外,2026-09-10
BMC Global and Public Health,BMC GLOB PUBLIC HEAL,,2731-913X,BMC,1,白名单优先推荐；LWW MEDICINE 黑名单除外,2026-09-10
BMC HEALTH SERVICES RESEARCH,BMC HEALTH SERV RES,,1472-6963,BMC,1,白名单优先推荐；LWW MEDICINE 黑名单除外,2026-09-10
BMC IMMUNOLOGY,BMC IMMUNOL,,1471-2172,BMC,1,白名单优先推荐；LWW MEDICINE 黑名单除外,2026-09-10
BMC INFECTIOUS DISEASES,BMC INFECT DIS,,1471-2334,BMC,1,白名单优先推荐；LWW MEDICINE 黑名单除外,2026-09-10
BMC Medical Ethics,BMC MED ETHICS,1472-6939,1472-6939,BMC,1,白名单优先推荐；LWW MEDICINE 黑名单除外,2026-09-10
BMC Medical Genomics,BMC MED GENOMICS,,1755-8794,BMC,1,白名单优先推荐；LWW MEDICINE 黑名单除外,2026-09-10
BMC MEDICAL IMAGING,BMC MED IMAGING,1471-2342,1471-2342,BMC,1,白名单优先推荐；LWW MEDICINE 黑名单除外,2026-09-10
BMC Medical Informatics and Decision Making,BMC MED INFORM DECIS,,1472-6947,BMC,1,白名单优先推荐；LWW MEDICINE 黑名单除外,2026-09-10
BMC Medical Research Methodology,BMC MED RES METHODOL,,1471-2288,BMC,1,白名单优先推荐；LWW MEDICINE 黑名单除外,2026-09-10
BMC Medicine,BMC MED,1741-7015,1741-7015,BMC+Medicine-in-name,1,白名单优先推荐；LWW MEDICINE 黑名单除外,2026-09-10
BMC MICROBIOLOGY,BMC MICROBIOL,1471-2180,1471-2180,BMC,1,白名单优先推荐；LWW MEDICINE 黑名单除外,2026-09-10
BMC Molecular and Cell Biology,BMC MOL CELL BIOL,,2661-8850,BMC,1,白名单优先推荐；LWW MEDICINE 黑名单除外,2026-09-10
BMC MUSCULOSKELETAL DISORDERS,BMC MUSCULOSKEL DIS,,1471-2474,BMC,1,白名单优先推荐；LWW MEDICINE 黑名单除外,2026-09-10
BMC Nephrology,BMC NEPHROL,,1471-2369,BMC,1,白名单优先推荐；LWW MEDICINE 黑名单除外,2026-09-10
BMC Neurology,BMC NEUROL,,1471-2377,BMC,1,白名单优先推荐；LWW MEDICINE 黑名单除外,2026-09-10
BMC NEUROSCIENCE,BMC NEUROSCI,1471-2202,1471-2202,BMC,1,白名单优先推荐；LWW MEDICINE 黑名单除外,2026-09-10
BMC NURSING,BMC NURS,1472-6955,1472-6955,BMC,1,白名单优先推荐；LWW MEDICINE 黑名单除外,2026-09-10
BMC Nutrition,BMC NUTR,,2055-0928,BMC,1,白名单优先推荐；LWW MEDICINE 黑名单除外,2026-09-10
BMC Ophthalmology,BMC OPHTHALMOL,,1471-2415,BMC,1,白名单优先推荐；LWW MEDICINE 黑名单除外,2026-09-10
BMC Oral Health,BMC ORAL HEALTH,1472-6831,1472-6831,BMC,1,白名单优先推荐；LWW MEDICINE 黑名单除外,2026-09-10
BMC Palliative Care,BMC PALLIAT CARE,1472-684X,1472-684X,BMC,1,白名单优先推荐；LWW MEDICINE 黑名单除外,2026-09-10
BMC Pediatrics,BMC PEDIATR,,1471-2431,BMC,1,白名单优先推荐；LWW MEDICINE 黑名单除外,2026-09-10
BMC Pharmacology & Toxicology,BMC PHARMACOL TOXICO,,2050-6511,BMC,1,白名单优先推荐；LWW MEDICINE 黑名单除外,2026-09-10
BMC Pregnancy and Childbirth,BMC PREGNANCY CHILDB,,1471-2393,BMC,1,白名单优先推荐；LWW MEDICINE 黑名单除外,2026-09-10
BMC Primary Care,BMC PRIM CARE,,2731-4553,BMC,1,白名单优先推荐；LWW MEDICINE 黑名单除外,2026-09-10
BMC Psychiatry,BMC PSYCHIATRY,,1471-244X,BMC,1,白名单优先推荐；LWW MEDICINE 黑名单除外,2026-09-10
BMC PUBLIC HEALTH,BMC PUBLIC HEALTH,,1471-2458,BMC,1,白名单优先推荐；LWW MEDICINE 黑名单除外,2026-09-10
BMC Pulmonary Medicine,BMC PULM MED,1471-2466,1471-2466,BMC+Medicine-in-name,1,白名单优先推荐；LWW MEDICINE 黑名单除外,2026-09-10
BMC Research Notes,BMC RES NOTES,,1756-0500,BMC,1,白名单优先推荐；LWW MEDICINE 黑名单除外,2026-09-10
BMC Rheumatology,BMC RHEUMATOL,,2520-1026,BMC,1,白名单优先推荐；LWW MEDICINE 黑名单除外,2026-09-10
BMC Sports Science Medicine and Rehabilitation,BMC SPORTS SCI MED R,2052-1847,2052-1847,BMC+Medicine-in-name,1,白名单优先推荐；LWW MEDICINE 黑名单除外,2026-09-10
BMC Surgery,BMC SURG,,1471-2482,BMC,1,白名单优先推荐；LWW MEDICINE 黑名单除外,2026-09-10
BMC Urology,BMC UROL,1471-2490,1471-2490,BMC,1,白名单优先推荐；LWW MEDICINE 黑名单除外,2026-09-10
BMC Womens Health,BMC WOMENS HEALTH,,1472-6874,BMC,1,白名单优先推荐；LWW MEDICINE 黑名单除外,2026-09-10
BMJ Evidence-Based Medicine,BMJ EVID-BASED MED,2515-446X,2515-4478,Medicine-in-name,1,白名单优先推荐；LWW MEDICINE 黑名单除外,2026-09-10
BMJ Medicine,BMJ MED,,2754-0413,Medicine-in-name,1,白名单优先推荐；LWW MEDICINE 黑名单除外,2026-09-10
BMJ Open Sport & Exercise Medicine,BMJ OPEN SPORT EXERC,,2055-7647,Medicine-in-name,1,白名单优先推荐；LWW MEDICINE 黑名单除外,2026-09-10
Breastfeeding Medicine,BREASTFEED MED,1556-8253,1556-8342,Medicine-in-name,1,白名单优先推荐；LWW MEDICINE 黑名单除外,2026-09-10
BRITISH JOURNAL OF HOSPITAL MEDICINE,BRIT J HOSP MED,1750-8460,1759-7390,Medicine-in-name,1,白名单优先推荐；LWW MEDICINE 黑名单除外,2026-09-10
BRITISH JOURNAL OF SPORTS MEDICINE,BRIT J SPORT MED,0306-3674,1473-0480,Medicine-in-name,1,白名单优先推荐；LWW MEDICINE 黑名单除外,2026-09-10
Canadian Journal of Emergency Medicine,CAN J EMERG MED,1481-8035,1481-8043,Medicine-in-name,1,白名单优先推荐；LWW MEDICINE 黑名单除外,2026-09-10
Canadian Journal of Rural Medicine,CAN J RURAL MED,1203-7796,1488-237X,Medicine-in-name,1,白名单优先推荐；LWW MEDICINE 黑名单除外,2026-09-10
Cancer Biology & Medicine,CANCER BIOL MED,2095-3941,2095-3941,Medicine-in-name,1,白名单优先推荐；LWW MEDICINE 黑名单除外,2026-09-10
Cancer Medicine,CANCER MED-US,2045-7634,2045-7634,Medicine-in-name,1,白名单优先推荐；LWW MEDICINE 黑名单除外,2026-09-10
CardioRenal Medicine,CARDIORENAL MED,1664-3828,1664-5502,Medicine-in-name,1,白名单优先推荐；LWW MEDICINE 黑名单除外,2026-09-10
Cardiovascular Revascularization Medicine,CARDIOVASC REVASCULA,1553-8389,1878-0938,Medicine-in-name,1,白名单优先推荐；LWW MEDICINE 黑名单除外,2026-09-10
Case Reports in Medicine,CASE REP MED,1687-9627,1687-9635,Medicine-in-name,1,白名单优先推荐；LWW MEDICINE 黑名单除外,2026-09-10
Caspian Journal of Internal Medicine,CASP J INTERN MED,2008-6164,2008-6172,Medicine-in-name,1,白名单优先推荐；LWW MEDICINE 黑名单除外,2026-09-10
Cell Reports Medicine,CELL REP MED,2666-3791,2666-3791,Medicine-in-name,1,白名单优先推荐；LWW MEDICINE 黑名单除外,2026-09-10
Chinese Herbal Medicines,CHIN HERB MED,1674-6384,1674-6384,Medicine-in-name,1,白名单优先推荐；LWW MEDICINE 黑名单除外,2026-09-10
Chinese Journal of Integrative Medicine,CHIN J INTEGR MED,1672-0415,1993-0402,Medicine-in-name,1,白名单优先推荐；LWW MEDICINE 黑名单除外,2026-09-10
Chinese Journal of Natural Medicines,CHIN J NAT MEDICINES,2095-6975,1875-5364,Medicine-in-name,1,白名单优先推荐；LWW MEDICINE 黑名单除外,2026-09-10
Chinese Medical Journal Pulmonary and Critical Care Medicine,CHIN MED J PULM CRIT,2097-1982,2772-5588,Medicine-in-name,1,白名单优先推荐；LWW MEDICINE 黑名单除外,2026-09-10
Chinese Medicine,CHIN MED-UK,1749-8546,1749-8546,Medicine-in-name,1,白名单优先推荐；LWW MEDICINE 黑名单除外,2026-09-10
Circulation-Genomic and Precision Medicine,CIRC-GENOM PRECIS ME,2574-8300,2574-8300,Medicine-in-name,1,白名单优先推荐；LWW MEDICINE 黑名单除外,2026-09-10
CLEVELAND CLINIC JOURNAL OF MEDICINE,CLEV CLIN J MED,0891-1150,1939-2869,Medicine-in-name,1,白名单优先推荐；LWW MEDICINE 黑名单除外,2026-09-10
Clinical and Experimental Emergency Medicine,CLIN EXP EMERG MED,2383-4625,2383-4625,Medicine-in-name,1,白名单优先推荐；LWW MEDICINE 黑名单除外,2026-09-10
CLINICAL AND EXPERIMENTAL MEDICINE,CLIN EXP MED,1591-8890,1591-9528,Medicine-in-name,1,白名单优先推荐；LWW MEDICINE 黑名单除外,2026-09-10
Clinical and Experimental Reproductive Medicine-CERM,CLIN EXP REPROD MED,2233-8233,2233-8241,Medicine-in-name,1,白名单优先推荐；LWW MEDICINE 黑名单除外,2026-09-10
Clinical and Translational Medicine,CLIN TRANSL MED,2001-1326,2001-1326,Medicine-in-name,1,白名单优先推荐；LWW MEDICINE 黑名单除外,2026-09-10
CLINICAL CHEMISTRY AND LABORATORY MEDICINE,CLIN CHEM LAB MED,1434-6621,1437-4331,Medicine-in-name,1,白名单优先推荐；LWW MEDICINE 黑名单除外,2026-09-10
CLINICAL JOURNAL OF SPORT MEDICINE,CLIN J SPORT MED,1050-642X,1536-3724,Medicine-in-name,1,白名单优先推荐；LWW MEDICINE 黑名单除外,2026-09-10
CLINICAL MEDICINE,CLIN MED,1470-2118,1473-4893,Medicine-in-name,1,白名单优先推荐；LWW MEDICINE 黑名单除外,2026-09-10
Clinical Medicine & Research,CLIN MED RES,1539-4182,1554-6179,Medicine-in-name,1,白名单优先推荐；LWW MEDICINE 黑名单除外,2026-09-10
Clinical Medicine Insights-Arthritis and Musculoskeletal Disorders,CLIN MED INSIGHTS-AR,1179-5441,1179-5441,Medicine-in-name,1,白名单优先推荐；LWW MEDICINE 黑名单除外,2026-09-10
Clinical Medicine Insights-Cardiology,CLIN MED INSIGHTS-CA,1179-5468,1179-5468,Medicine-in-name,1,白名单优先推荐；LWW MEDICINE 黑名单除外,2026-09-10
Clinical Medicine Insights-Case Reports,CLIN MED INSIGHT-CAS,1179-5476,1179-5476,Medicine-in-name,1,白名单优先推荐；LWW MEDICINE 黑名单除外,2026-09-10
Clinical Medicine Insights-Endocrinology and Diabetes,CLIN MED INSIGHTS-EN,1179-5514,1179-5514,Medicine-in-name,1,白名单优先推荐；LWW MEDICINE 黑名单除外,2026-09-10
Clinical Medicine Insights-Oncology,CLIN MED INSIGHTS-ON,,1179-5549,Medicine-in-name,1,白名单优先推荐；LWW MEDICINE 黑名单除外,2026-09-10
Clinical Medicine Insights-Pediatrics,CLIN MED INSIGHTS-PE,1179-5565,1179-5565,Medicine-in-name,1,白名单优先推荐；LWW MEDICINE 黑名单除外,2026-09-10
CLINICAL NUCLEAR MEDICINE,CLIN NUCL MED,0363-9762,1536-0229,Medicine-in-name,1,白名单优先推荐；LWW MEDICINE 黑名单除外,2026-09-10
CLINICS IN CHEST MEDICINE,CLIN CHEST MED,0272-5231,1557-8216,Medicine-in-name,1,白名单优先推荐；LWW MEDICINE 黑名单除外,2026-09-10
CLINICS IN GERIATRIC MEDICINE,CLIN GERIATR MED,0749-0690,1879-8853,Medicine-in-name,1,白名单优先推荐；LWW MEDICINE 黑名单除外,2026-09-10
CLINICS IN LABORATORY MEDICINE,CLIN LAB MED,0272-2712,1557-9832,Medicine-in-name,1,白名单优先推荐；LWW MEDICINE 黑名单除外,2026-09-10
CLINICS IN SPORTS MEDICINE,CLIN SPORT MED,0278-5919,1556-228X,Medicine-in-name,1,白名单优先推荐；LWW MEDICINE 黑名单除外,2026-09-10
Cold Spring Harbor Perspectives in Medicine,CSH PERSPECT MED,2157-1422,2157-1422,Medicine-in-name,1,白名单优先推荐；LWW MEDICINE 黑名单除外,2026-09-10
Communications Medicine,COMMUN MED-LONDON,2730-664X,2730-664X,Medicine-in-name,1,白名单优先推荐；LWW MEDICINE 黑名单除外,2026-09-10
COMPLEMENTARY THERAPIES IN MEDICINE,COMPLEMENT THER MED,0965-2299,1873-6963,Medicine-in-name,1,白名单优先推荐；LWW MEDICINE 黑名单除外,2026-09-10
Computer Methods and Programs in Biomedicine,COMPUT METH PROG BIO,0169-2607,1872-7565,Medicine-in-name,1,白名单优先推荐；LWW MEDICINE 黑名单除外,2026-09-10
Contraception and Reproductive Medicine,CONTRACEP REPROD MED,,2055-7426,Medicine-in-name,1,白名单优先推荐；LWW MEDICINE 黑名单除外,2026-09-10
CRITICAL CARE MEDICINE,CRIT CARE MED,0090-3493,1530-0293,Medicine-in-name,1,白名单优先推荐；LWW MEDICINE 黑名单除外,2026-09-10
CULTURE MEDICINE AND PSYCHIATRY,CULT MED PSYCHIAT,0165-005X,1573-076X,Medicine-in-name,1,白名单优先推荐；LWW MEDICINE 黑名单除外,2026-09-10
CURRENT MOLECULAR MEDICINE,CURR MOL MED,1566-5240,1875-5666,Medicine-in-name,1,白名单优先推荐；LWW MEDICINE 黑名单除外,2026-09-10
CURRENT OPINION IN PULMONARY MEDICINE,CURR OPIN PULM MED,1070-5287,1531-6971,Medicine-in-name,1,白名单优先推荐；LWW MEDICINE 黑名单除外,2026-09-10
Current Research in Translational Medicine,CURR RES TRANSL MED,2452-3186,2452-3186,Medicine-in-name,1,白名单优先推荐；LWW MEDICINE 黑名单除外,2026-09-10
Current Reviews in Musculoskeletal Medicine,CURR REV MUSCULOSKE,1935-973X,1935-9748,Medicine-in-name,1,白名单优先推荐；LWW MEDICINE 黑名单除外,2026-09-10
Current Sleep Medicine Reports,CURR SLEEP MED REP,,2198-6401,Medicine-in-name,1,白名单优先推荐；LWW MEDICINE 黑名单除外,2026-09-10
Current Sports Medicine Reports,CURR SPORT MED REP,1537-890X,1537-8918,Medicine-in-name,1,白名单优先推荐；LWW MEDICINE 黑名单除外,2026-09-10
Current Tropical Medicine Reports,CURR TROP MED REP,,2196-3045,Medicine-in-name,1,白名单优先推荐；LWW MEDICINE 黑名单除外,2026-09-10
DEVELOPMENTAL MEDICINE AND CHILD NEUROLOGY,DEV MED CHILD NEUROL,0012-1622,1469-8749,Medicine-in-name,1,白名单优先推荐；LWW MEDICINE 黑名单除外,2026-09-10
DIABETIC MEDICINE,DIABETIC MED,0742-3071,1464-5491,Medicine-in-name,1,白名单优先推荐；LWW MEDICINE 黑名单除外,2026-09-10
Disaster Medicine and Public Health Preparedness,DISASTER MED PUBLIC,1935-7893,1938-744X,Medicine-in-name,1,白名单优先推荐；LWW MEDICINE 黑名单除外,2026-09-10
Discovery Medicine,DISCOV MED,1539-6509,1944-7930,Medicine-in-name,1,白名单优先推荐；LWW MEDICINE 黑名单除外,2026-09-10
EBioMedicine,EBIOMEDICINE,2352-3964,2352-3964,Medicine-in-name,1,白名单优先推荐；LWW MEDICINE 黑名单除外,2026-09-10
EClinicalMedicine,ECLINICALMEDICINE,,2589-5370,Medicine-in-name,1,白名单优先推荐；LWW MEDICINE 黑名单除外,2026-09-10
Egyptian Journal of Internal Medicine,EGYPT J INTERN MED,1110-7782,2090-9098,Medicine-in-name,1,白名单优先推荐；LWW MEDICINE 黑名单除外,2026-09-10
ELECTROMAGNETIC BIOLOGY AND MEDICINE,ELECTROMAGN BIOL MED,1536-8378,1536-8386,Medicine-in-name,1,白名单优先推荐；LWW MEDICINE 黑名单除外,2026-09-10
Electronic Journal of General Medicine,ELECTRON J GEN MED,2516-3507,2516-3507,Medicine-in-name,1,白名单优先推荐；LWW MEDICINE 黑名单除外,2026-09-10
EMBO Molecular Medicine,EMBO MOL MED,1757-4676,1757-4684,Medicine-in-name,1,白名单优先推荐；LWW MEDICINE 黑名单除外,2026-09-10
Emergency and Critical Care Medicine,EMERG CRIT CARE MED,2097-0617,2693-860X,Medicine-in-name,1,白名单优先推荐；LWW MEDICINE 黑名单除外,2026-09-10
Emergency Medicine Australasia,EMERG MED AUSTRALAS,,1742-6723,Medicine-in-name,1,白名单优先推荐；LWW MEDICINE 黑名单除外,2026-09-10
EMERGENCY MEDICINE CLINICS OF NORTH AMERICA,EMERG MED CLIN N AM,0733-8627,1558-0539,Medicine-in-name,1,白名单优先推荐；LWW MEDICINE 黑名单除外,2026-09-10
Emergency Medicine International,EMERG MED INT,2090-2840,2090-2859,Medicine-in-name,1,白名单优先推荐；LWW MEDICINE 黑名单除外,2026-09-10
EMERGENCY MEDICINE JOURNAL,EMERG MED J,1472-0205,1472-0213,Medicine-in-name,1,白名单优先推荐；LWW MEDICINE 黑名单除外,2026-09-10
Environmental Health and Preventive Medicine,ENVIRON HEALTH PREV,1342-078X,1347-4715,Medicine-in-name,1,白名单优先推荐；LWW MEDICINE 黑名单除外,2026-09-10
Eurasian Journal of Medicine,EURASIAN J MED,,1308-8742,Medicine-in-name,1,白名单优先推荐；LWW MEDICINE 黑名单除外,2026-09-10
Eurasian Journal of Medicine and Oncology,EURASIAN J MED ONCOL,,2587-196X,Medicine-in-name,1,白名单优先推荐；LWW MEDICINE 黑名单除外,2026-09-10
European Geriatric Medicine,EUR GERIATR MED,1878-7649,1878-7657,Medicine-in-name,1,白名单优先推荐；LWW MEDICINE 黑名单除外,2026-09-10
European Journal of Emergency Medicine,EUR J EMERG MED,0969-9546,1473-5695,Medicine-in-name,1,白名单优先推荐；LWW MEDICINE 黑名单除外,2026-09-10
European Journal of Integrative Medicine,EUR J INTEGR MED,1876-3820,1876-3839,Medicine-in-name,1,白名单优先推荐；LWW MEDICINE 黑名单除外,2026-09-10
European Journal of Internal Medicine,EUR J INTERN MED,0953-6205,1879-0828,Medicine-in-name,1,白名单优先推荐；LWW MEDICINE 黑名单除外,2026-09-10
EUROPEAN JOURNAL OF NUCLEAR MEDICINE AND MOLECULAR IMAGING,EUR J NUCL MED MOL I,1619-7070,1619-7089,Medicine-in-name,1,白名单优先推荐；LWW MEDICINE 黑名单除外,2026-09-10
European Journal of Physical and Rehabilitation Medicine,EUR J PHYS REHAB MED,1973-9087,1973-9095,Medicine-in-name,1,白名单优先推荐；LWW MEDICINE 黑名单除外,2026-09-10
Evolution Medicine and Public Health,EVOL MED PUBLIC HLTH,,2050-6201,Medicine-in-name,1,白名单优先推荐；LWW MEDICINE 黑名单除外,2026-09-10
EXPERIMENTAL AND MOLECULAR MEDICINE,EXP MOL MED,1226-3613,2092-6413,Medicine-in-name,1,白名单优先推荐；LWW MEDICINE 黑名单除外,2026-09-10
Experimental and Therapeutic Medicine,EXP THER MED,1792-0981,1792-1015,Medicine-in-name,1,白名单优先推荐；LWW MEDICINE 黑名单除外,2026-09-10
EXPERIMENTAL BIOLOGY AND MEDICINE,EXP BIOL MED,1535-3702,1535-3699,Medicine-in-name,1,白名单优先推荐；LWW MEDICINE 黑名单除外,2026-09-10
Expert Review of Respiratory Medicine,EXPERT REV RESP MED,1747-6348,1747-6356,Medicine-in-name,1,白名单优先推荐；LWW MEDICINE 黑名单除外,2026-09-10
EXPERT REVIEWS IN MOLECULAR MEDICINE,EXPERT REV MOL MED,1462-3994,1462-3994,Medicine-in-name,1,白名单优先推荐；LWW MEDICINE 黑名单除外,2026-09-10
Facial Plastic Surgery & Aesthetic Medicine,FACIAL PLAST SURG AE,2689-3614,2689-3622,Medicine-in-name,1,白名单优先推荐；LWW MEDICINE 黑名单除外,2026-09-10
FAMILY MEDICINE,FAM MED,0742-3225,1938-3800,Medicine-in-name,1,白名单优先推荐；LWW MEDICINE 黑名单除外,2026-09-10
Family Medicine and Community Health,FAM MED COMMUNITY HE,2305-6983,2009-8774,Medicine-in-name,1,白名单优先推荐；LWW MEDICINE 黑名单除外,2026-09-10
Forensic Science Medicine and Pathology,FORENSIC SCI MED PAT,1547-769X,1556-2891,Medicine-in-name,1,白名单优先推荐；LWW MEDICINE 黑名单除外,2026-09-10
FREE RADICAL BIOLOGY AND MEDICINE,FREE RADICAL BIO MED,0891-5849,1873-4596,Medicine-in-name,1,白名单优先推荐；LWW MEDICINE 黑名单除外,2026-09-10
Frontiers in Cardiovascular Medicine,FRONT CARDIOVASC MED,2297-055X,2297-055X,Medicine-in-name,1,白名单优先推荐；LWW MEDICINE 黑名单除外,2026-09-10
Frontiers in Dental Medicine,FRONT DENT MED,,2673-4915,Medicine-in-name,1,白名单优先推荐；LWW MEDICINE 黑名单除外,2026-09-10
Frontiers in Emergency Medicine,FRONT EMERG MED,,2717-3593,Medicine-in-name,1,白名单优先推荐；LWW MEDICINE 黑名单除外,2026-09-10
Frontiers in Medicine,FRONT MED-LAUSANNE,,2296-858X,Medicine-in-name,1,白名单优先推荐；LWW MEDICINE 黑名单除外,2026-09-10
Frontiers in Nuclear Medicine,FRONT NUCL MED,,2673-8880,Medicine-in-name,1,白名单优先推荐；LWW MEDICINE 黑名单除外,2026-09-10
GENETICS IN MEDICINE,GENET MED,1098-3600,1530-0366,Medicine-in-name,1,白名单优先推荐；LWW MEDICINE 黑名单除外,2026-09-10
Genome Medicine,GENOME MED,1756-994X,1756-994X,Medicine-in-name,1,白名单优先推荐；LWW MEDICINE 黑名单除外,2026-09-10
Gerontology and Geriatric Medicine,GERONTOL GERIATR MED,,2333-7214,Medicine-in-name,1,白名单优先推荐；LWW MEDICINE 黑名单除外,2026-09-10
Global Advances in Integrative Medicine and Health,GLOB ADV INTEGR MED,,2753-6130,Medicine-in-name,1,白名单优先推荐；LWW MEDICINE 黑名单除外,2026-09-10
Global Health & Medicine,GLOB HLTH MED-JPN,2434-9186,2434-9194,Medicine-in-name,1,白名单优先推荐；LWW MEDICINE 黑名单除外,2026-09-10
Head & Face Medicine,HEAD FACE MED,,1746-160X,Medicine-in-name,1,白名单优先推荐；LWW MEDICINE 黑名单除外,2026-09-10
Health Psychology and Behavioral Medicine,HEALTH PSYCHOL BEHAV,2164-2850,2164-2850,Medicine-in-name,1,白名单优先推荐；LWW MEDICINE 黑名单除外,2026-09-10
Hepatic Medicine-Evidence and Research,HEPATIC MED-EVID RES,1179-1535,1179-1535,Medicine-in-name,1,白名单优先推荐；LWW MEDICINE 黑名单除外,2026-09-10
HIGH ALTITUDE MEDICINE & BIOLOGY,HIGH ALT MED BIOL,1527-0297,1557-8682,Medicine-in-name,1,白名单优先推荐；LWW MEDICINE 黑名单除外,2026-09-10
HIV MEDICINE,HIV MED,1464-2662,1468-1293,Medicine-in-name,1,白名单优先推荐；LWW MEDICINE 黑名单除外,2026-09-10
Ibnosina Journal of Medicine and Biomedical Sciences,IBNOSINA J MED BIOME,1947-489X,1947-489X,Medicine-in-name,1,白名单优先推荐；LWW MEDICINE 黑名单除外,2026-09-10
IEEE Journal of Translational Engineering in Health and Medicine,IEEE J TRANSL ENG HE,2168-2372,2168-2372,Medicine-in-name,1,白名单优先推荐；LWW MEDICINE 黑名单除外,2026-09-10
IEEE Open Journal of Engineering in Medicine and Biology,IEEE OPEN J ENG MED,,2644-1276,Medicine-in-name,1,白名单优先推荐；LWW MEDICINE 黑名单除外,2026-09-10
Immunological Medicine,IMMUNOL MED,,2578-5826,Medicine-in-name,1,白名单优先推荐；LWW MEDICINE 黑名单除外,2026-09-10
Indian Journal of Community Medicine,INDIAN J COMMUN MED,0970-0218,1998-3581,Medicine-in-name,1,白名单优先推荐；LWW MEDICINE 黑名单除外,2026-09-10
Indian Journal of Critical Care Medicine,INDIAN J CRIT CARE M,0972-5229,1998-359X,Medicine-in-name,1,白名单优先推荐；LWW MEDICINE 黑名单除外,2026-09-10
Indian Journal of Psychological Medicine,INDIAN J PSYCHOL MED,0253-7176,0975-1564,Medicine-in-name,1,白名单优先推荐；LWW MEDICINE 黑名单除外,2026-09-10
Infectious Medicine,INFECT MED-UK,2097-0684,2772-431X,Medicine-in-name,1,白名单优先推荐；LWW MEDICINE 黑名单除外,2026-09-10
Integrative Medicine in Nephrology and Andrology,INTEGR MED NEPHROL A,2773-0395,2773-0387,Medicine-in-name,1,白名单优先推荐；LWW MEDICINE 黑名单除外,2026-09-10
Integrative Medicine Research,INTEGR MED RES,2213-4220,2213-4239,Medicine-in-name,1,白名单优先推荐；LWW MEDICINE 黑名单除外,2026-09-10
Intelligent Medicine,INTEL MED,2667-1026,2667-1026,Medicine-in-name,1,白名单优先推荐；LWW MEDICINE 黑名单除外,2026-09-10
INTENSIVE CARE MEDICINE,INTENS CARE MED,0342-4642,1432-1238,Medicine-in-name,1,白名单优先推荐；LWW MEDICINE 黑名单除外,2026-09-10
Intensive Care Medicine Experimental,INTENS CARE MED EXP,2197-425X,2197-425X,Medicine-in-name,1,白名单优先推荐；LWW MEDICINE 黑名单除外,2026-09-10
Interdisciplinary Medicine,INTERD MED,2832-6237,2832-6245,Medicine-in-name,1,白名单优先推荐；LWW MEDICINE 黑名单除外,2026-09-10
Internal and Emergency Medicine,INTERN EMERG MED,1828-0447,1970-9366,Medicine-in-name,1,白名单优先推荐；LWW MEDICINE 黑名单除外,2026-09-10
Internal Medicine,INTERNAL MED,0918-2918,1349-7235,Medicine-in-name,1,白名单优先推荐；LWW MEDICINE 黑名单除外,2026-09-10
INTERNAL MEDICINE JOURNAL,INTERN MED J,1444-0903,1445-5994,Medicine-in-name,1,白名单优先推荐；LWW MEDICINE 黑名单除外,2026-09-10
International Journal of Academic Medicine,INT J ACAD MED,,2455-5568,Medicine-in-name,1,白名单优先推荐；LWW MEDICINE 黑名单除外,2026-09-10
INTERNATIONAL JOURNAL OF BEHAVIORAL MEDICINE,INT J BEHAV MED,1070-5503,1532-7558,Medicine-in-name,1,白名单优先推荐；LWW MEDICINE 黑名单除外,2026-09-10
International Journal of Emergency Medicine,INT J EMERG MED,1865-1372,1865-1380,Medicine-in-name,1,白名单优先推荐；LWW MEDICINE 黑名单除外,2026-09-10
International Journal of General Medicine,INT J GEN MED,,1178-7074,Medicine-in-name,1,白名单优先推荐；LWW MEDICINE 黑名单除外,2026-09-10
INTERNATIONAL JOURNAL OF LEGAL MEDICINE,INT J LEGAL MED,0937-9827,1437-1596,Medicine-in-name,1,白名单优先推荐；LWW MEDICINE 黑名单除外,2026-09-10
International Journal of Molecular and Cellular Medicine,INT J MOL CELL MED,2251-9637,2251-9645,Medicine-in-name,1,白名单优先推荐；LWW MEDICINE 黑名单除外,2026-09-10
INTERNATIONAL JOURNAL OF MOLECULAR MEDICINE,INT J MOL MED,1107-3756,1791-244X,Medicine-in-name,1,白名单优先推荐；LWW MEDICINE 黑名单除外,2026-09-10
International Journal of Nanomedicine,INT J NANOMED,1176-9114,1178-2013,Medicine-in-name,1,白名单优先推荐；LWW MEDICINE 黑名单除外,2026-09-10
International Journal of Occupational Medicine and Environmental Health,INT J OCCUP MED ENV,1232-1087,1896-494X,Medicine-in-name,1,白名单优先推荐；LWW MEDICINE 黑名单除外,2026-09-10
International Journal of Osteopathic Medicine,INT J OSTEOPATH MED,1746-0689,1878-0164,Medicine-in-name,1,白名单优先推荐；LWW MEDICINE 黑名单除外,2026-09-10
International Journal of Preventive Medicine,INT J PREVENTIVE MED,2008-7802,2008-8213,Medicine-in-name,1,白名单优先推荐；LWW MEDICINE 黑名单除外,2026-09-10
INTERNATIONAL JOURNAL OF PSYCHIATRY IN MEDICINE,INT J PSYCHIAT MED,0091-2174,1541-3527,Medicine-in-name,1,白名单优先推荐；LWW MEDICINE 黑名单除外,2026-09-10
International Journal of Reproductive Biomedicine,INT J REPROD BIOMED,2476-4108,2476-3772,Medicine-in-name,1,白名单优先推荐；LWW MEDICINE 黑名单除外,2026-09-10
INTERNATIONAL JOURNAL OF SPORTS MEDICINE,INT J SPORTS MED,0172-4622,1439-3964,Medicine-in-name,1,白名单优先推荐；LWW MEDICINE 黑名单除外,2026-09-10
International Journal of Telemedicine and Applications,INT J TELEMED APPL,1687-6415,1687-6423,Medicine-in-name,1,白名单优先推荐；LWW MEDICINE 黑名单除外,2026-09-10
IRISH JOURNAL OF PSYCHOLOGICAL MEDICINE,IRISH J PSYCHOL MED,0790-9667,2051-6967,Medicine-in-name,1,白名单优先推荐；LWW MEDICINE 黑名单除外,2026-09-10
JAMA Internal Medicine,JAMA INTERN MED,2168-6106,2168-6114,Medicine-in-name,1,白名单优先推荐；LWW MEDICINE 黑名单除外,2026-09-10
JMIR Perioperative Medicine,JMIR PERIOPER MED,2561-9128,2561-9128,Medicine-in-name,1,白名单优先推荐；LWW MEDICINE 黑名单除外,2026-09-10
Journal of Academic Research in Medicine-JAREM,J ACAD RES MED,2146-6505,2147-1894,Medicine-in-name,1,白名单优先推荐；LWW MEDICINE 黑名单除外,2026-09-10
Journal of Acute Medicine,J ACUTE MED,2211-5587,2211-5595,Medicine-in-name,1,白名单优先推荐；LWW MEDICINE 黑名单除外,2026-09-10
Journal of Addiction Medicine,J ADDICT MED,1932-0620,1935-3227,Medicine-in-name,1,白名单优先推荐；LWW MEDICINE 黑名单除外,2026-09-10
Journal of Aerosol Medicine and Pulmonary Drug Delivery,J AEROSOL MED PULM D,1941-2711,1941-2703,Medicine-in-name,1,白名单优先推荐；LWW MEDICINE 黑名单除外,2026-09-10
Journal of Agromedicine,J AGROMEDICINE,1059-924X,1545-0813,Medicine-in-name,1,白名单优先推荐；LWW MEDICINE 黑名单除外,2026-09-10
Journal of Applied Biomedicine,J APPL BIOMED,1214-021X,1214-0287,Medicine-in-name,1,白名单优先推荐；LWW MEDICINE 黑名单除外,2026-09-10
Journal of Applied Laboratory Medicine,J APPL LAB MED,2576-9456,2475-7241,Medicine-in-name,1,白名单优先推荐；LWW MEDICINE 黑名单除外,2026-09-10
Journal of Ayurveda and Integrative Medicine,J AYURVEDA INTEGR ME,0975-9476,0976-2809,Medicine-in-name,1,白名单优先推荐；LWW MEDICINE 黑名单除外,2026-09-10
JOURNAL OF BEHAVIORAL MEDICINE,J BEHAV MED,0160-7715,1573-3521,Medicine-in-name,1,白名单优先推荐；LWW MEDICINE 黑名单除外,2026-09-10
Journal of Blood Medicine,J BLOOD MED,1179-2736,1179-2736,Medicine-in-name,1,白名单优先推荐；LWW MEDICINE 黑名单除外,2026-09-10
Journal of Cardiovascular Medicine,J CARDIOVASC MED,1558-2027,1558-2035,Medicine-in-name,1,白名单优先推荐；LWW MEDICINE 黑名单除外,2026-09-10
JOURNAL OF CELLULAR AND MOLECULAR MEDICINE,J CELL MOL MED,1582-1838,1582-4934,Medicine-in-name,1,白名单优先推荐；LWW MEDICINE 黑名单除外,2026-09-10
Journal of Chiropractic Medicine,J CHIROPR MED,0899-3467,1556-3715,Medicine-in-name,1,白名单优先推荐；LWW MEDICINE 黑名单除外,2026-09-10
Journal of Clinical Medicine,J CLIN MED,,2077-0383,Medicine-in-name,1,白名单优先推荐；LWW MEDICINE 黑名单除外,2026-09-10
Journal of Clinical Medicine Research-Canada,J CLIN MED RES-CAN,1918-3003,1918-3011,Medicine-in-name,1,白名单优先推荐；LWW MEDICINE 黑名单除外,2026-09-10
Journal of Clinical Sleep Medicine,J CLIN SLEEP MED,1550-9389,1550-9397,Medicine-in-name,1,白名单优先推荐；LWW MEDICINE 黑名单除外,2026-09-10
Journal of Community Hospital Internal Medicine Perspectives,J COMM HOSP INT MED,2000-9666,2000-9666,Medicine-in-name,1,白名单优先推荐；LWW MEDICINE 黑名单除外,2026-09-10
JOURNAL OF CUTANEOUS MEDICINE AND SURGERY,J CUTAN MED SURG,1203-4754,1615-7109,Medicine-in-name,1,白名单优先推荐；LWW MEDICINE 黑名单除外,2026-09-10
Journal of Dance Medicine & Science,J DANCE MED SCI,1089-313X,2374-8060,Medicine-in-name,1,白名单优先推荐；LWW MEDICINE 黑名单除外,2026-09-10
Journal of Dental Anesthesia and Pain Medicine,J DENT ANESTH PAIN M,2383-9309,2383-9317,Medicine-in-name,1,白名单优先推荐；LWW MEDICINE 黑名单除外,2026-09-10
JOURNAL OF EMERGENCY MEDICINE,J EMERG MED,0736-4679,1090-1280,Medicine-in-name,1,白名单优先推荐；LWW MEDICINE 黑名单除外,2026-09-10
Journal of Ethnobiology and Ethnomedicine,J ETHNOBIOL ETHNOMED,,1746-4269,Medicine-in-name,1,白名单优先推荐；LWW MEDICINE 黑名单除外,2026-09-10
Journal of Evidence Based Medicine,J EVID-BASED MED,1756-5383,1756-5391,Medicine-in-name,1,白名单优先推荐；LWW MEDICINE 黑名单除外,2026-09-10
Journal of Evidence-Based Integrative Medicine,J EVID-BASED INTEGR,2515-690X,2515-690X,Medicine-in-name,1,白名单优先推荐；LWW MEDICINE 黑名单除外,2026-09-10
JOURNAL OF EXPERIMENTAL MEDICINE,J EXP MED,0022-1007,1540-9538,Medicine-in-name,1,白名单优先推荐；LWW MEDICINE 黑名单除外,2026-09-10
Journal of Family and Community Medicine,J FAM COMMUNITY MED,2230-8229,2229-340X,Medicine-in-name,1,白名单优先推荐；LWW MEDICINE 黑名单除外,2026-09-10
Journal of Forensic and Legal Medicine,J FORENSIC LEG MED,1752-928X,1532-2009,Medicine-in-name,1,白名单优先推荐；LWW MEDICINE 黑名单除外,2026-09-10
JOURNAL OF GENE MEDICINE,J GENE MED,1099-498X,1521-2254,Medicine-in-name,1,白名单优先推荐；LWW MEDICINE 黑名单除外,2026-09-10
Journal of General and Family Medicine,J GEN FAM MED,2189-7948,2189-7948,Medicine-in-name,1,白名单优先推荐；LWW MEDICINE 黑名单除外,2026-09-10
JOURNAL OF GENERAL INTERNAL MEDICINE,J GEN INTERN MED,0884-8734,1525-1497,Medicine-in-name,1,白名单优先推荐；LWW MEDICINE 黑名单除外,2026-09-10
Journal of Herbal Medicine,J HERB MED,2210-8033,2210-8041,Medicine-in-name,1,白名单优先推荐；LWW MEDICINE 黑名单除外,2026-09-10
Journal of Hospital Medicine,J HOSP MED,1553-5592,1553-5606,Medicine-in-name,1,白名单优先推荐；LWW MEDICINE 黑名单除外,2026-09-10
Journal of Imaging Informatics in Medicine,J IMAGING INFORM MED,2948-2925,2948-2933,Medicine-in-name,1,白名单优先推荐；LWW MEDICINE 黑名单除外,2026-09-10
Journal of Integrative and Complementary Medicine,J INTEGR COMPLEMENT,2768-3605,2768-3613,Medicine-in-name,1,白名单优先推荐；LWW MEDICINE 黑名单除外,2026-09-10
Journal of Integrative Medicine-JIM,J INTEGR MED-JIM,2095-4964,2095-4964,Medicine-in-name,1,白名单优先推荐；LWW MEDICINE 黑名单除外,2026-09-10
JOURNAL OF INTENSIVE CARE MEDICINE,J INTENSIVE CARE MED,0885-0666,1525-1489,Medicine-in-name,1,白名单优先推荐；LWW MEDICINE 黑名单除外,2026-09-10
Journal of Intensive Medicine,J INTENSIV MED,2097-0250,2667-100X,Medicine-in-name,1,白名单优先推荐；LWW MEDICINE 黑名单除外,2026-09-10
JOURNAL OF INTERNAL MEDICINE,J INTERN MED,0954-6820,1365-2796,Medicine-in-name,1,白名单优先推荐；LWW MEDICINE 黑名单除外,2026-09-10
JOURNAL OF INVESTIGATIVE MEDICINE,J INVEST MED,1081-5589,1708-8267,Medicine-in-name,1,白名单优先推荐；LWW MEDICINE 黑名单除外,2026-09-10
Journal of Investigative Medicine High Impact Case Reports,J INVEST MED HIGH IM,2324-7096,2324-7096,Medicine-in-name,1,白名单优先推荐；LWW MEDICINE 黑名单除外,2026-09-10
Journal of ISAKOS Joint Disorders & Orthopaedic Sports Medicine,J ISAKOS,2059-7754,2059-7762,Medicine-in-name,1,白名单优先推荐；LWW MEDICINE 黑名单除外,2026-09-10
Journal of Laboratory and Precision Medicine,J LAB PRECIS MED,2519-9005,2519-9005,Medicine-in-name,1,白名单优先推荐；LWW MEDICINE 黑名单除外,2026-09-10
Journal of Laboratory Medicine,J LAB MED,2567-9430,2567-9449,Medicine-in-name,1,白名单优先推荐；LWW MEDICINE 黑名单除外,2026-09-10
JOURNAL OF LAW MEDICINE & ETHICS,J LAW MED ETHICS,1073-1105,1748-720X,Medicine-in-name,1,白名单优先推荐；LWW MEDICINE 黑名单除外,2026-09-10
JOURNAL OF MATERIALS SCIENCE-MATERIALS IN MEDICINE,J MATER SCI-MATER M,0957-4530,1573-4838,Medicine-in-name,1,白名单优先推荐；LWW MEDICINE 黑名单除外,2026-09-10
Journal of Maternal-Fetal & Neonatal Medicine,J MATERN-FETAL NEO M,1476-7058,1476-4954,Medicine-in-name,1,白名单优先推荐；LWW MEDICINE 黑名单除外,2026-09-10
Journal of Medicine Access,J MED ACCESS,2755-0834,2755-0834,Medicine-in-name,1,白名单优先推荐；LWW MEDICINE 黑名单除外,2026-09-10
JOURNAL OF MEDICINE AND PHILOSOPHY,J MED PHILOS,0360-5310,1744-5019,Medicine-in-name,1,白名单优先推荐；LWW MEDICINE 黑名单除外,2026-09-10
JOURNAL OF MOLECULAR MEDICINE-JMM,J MOL MED,0946-2716,1432-1440,Medicine-in-name,1,白名单优先推荐；LWW MEDICINE 黑名单除外,2026-09-10
Journal of Natural Medicines,J NAT MED-TOKYO,1340-3443,1861-0293,Medicine-in-name,1,白名单优先推荐；LWW MEDICINE 黑名单除外,2026-09-10
Journal of Neonatal-Perinatal Medicine,J NEONAT-PERINAT MED,1934-5798,1878-4429,Medicine-in-name,1,白名单优先推荐；LWW MEDICINE 黑名单除外,2026-09-10
JOURNAL OF NUCLEAR MEDICINE,J NUCL MED,0161-5505,1535-5667,Medicine-in-name,1,白名单优先推荐；LWW MEDICINE 黑名单除外,2026-09-10
Journal of Nuclear Medicine Technology,J NUCL MED TECHNOL,0091-4916,1535-5675,Medicine-in-name,1,白名单优先推荐；LWW MEDICINE 黑名单除外,2026-09-10
Journal of Occupational Medicine and Toxicology,J OCCUP MED TOXICOL,1745-6673,1745-6673,Medicine-in-name,1,白名单优先推荐；LWW MEDICINE 黑名单除外,2026-09-10
JOURNAL OF ORAL PATHOLOGY & MEDICINE,J ORAL PATHOL MED,0904-2512,1600-0714,Medicine-in-name,1,白名单优先推荐；LWW MEDICINE 黑名单除外,2026-09-10
Journal of Osteopathic Medicine,J OSTEOPATH MED,,2702-3648,Medicine-in-name,1,白名单优先推荐；LWW MEDICINE 黑名单除外,2026-09-10
JOURNAL OF PALLIATIVE MEDICINE,J PALLIAT MED,1096-6218,1557-7740,Medicine-in-name,1,白名单优先推荐；LWW MEDICINE 黑名单除外,2026-09-10
Journal of Pathology and Translational Medicine,J PATHOL TRANSL MED,2383-7837,2383-7845,Medicine-in-name,1,白名单优先推荐；LWW MEDICINE 黑名单除外,2026-09-10
Journal of Pediatric Rehabilitation Medicine,J PEDIATR REHAB MED,1874-5393,1875-8894,Medicine-in-name,1,白名单优先推荐；LWW MEDICINE 黑名单除外,2026-09-10
JOURNAL OF PERINATAL MEDICINE,J PERINAT MED,0300-5577,1619-3997,Medicine-in-name,1,白名单优先推荐；LWW MEDICINE 黑名单除外,2026-09-10
Journal of Postgraduate Medicine,J POSTGRAD MED,0022-3859,0972-2823,Medicine-in-name,1,白名单优先推荐；LWW MEDICINE 黑名单除外,2026-09-10
Journal of Preventive Medicine & Public Health,J PREV MED PUBLIC HL,1975-8375,2233-4521,Medicine-in-name,1,白名单优先推荐；LWW MEDICINE 黑名单除外,2026-09-10
JOURNAL OF REHABILITATION MEDICINE,J REHABIL MED,1650-1977,1651-2081,Medicine-in-name,1,白名单优先推荐；LWW MEDICINE 黑名单除外,2026-09-10
JOURNAL OF SCIENCE AND MEDICINE IN SPORT,J SCI MED SPORT,1440-2440,1878-1861,Medicine-in-name,1,白名单优先推荐；LWW MEDICINE 黑名单除外,2026-09-10
Journal of Sexual Medicine,J SEX MED,1743-6095,1743-6109,Medicine-in-name,1,白名单优先推荐；LWW MEDICINE 黑名单除外,2026-09-10
JOURNAL OF SPORTS MEDICINE AND PHYSICAL FITNESS,J SPORT MED PHYS FIT,0022-4707,1827-1928,Medicine-in-name,1,白名单优先推荐；LWW MEDICINE 黑名单除外,2026-09-10
Journal of Sports Science and Medicine,J SPORT SCI MED,1303-2968,1303-2968,Medicine-in-name,1,白名单优先推荐；LWW MEDICINE 黑名单除外,2026-09-10
JOURNAL OF TELEMEDICINE AND TELECARE,J TELEMED TELECARE,1357-633X,1758-1109,Medicine-in-name,1,白名单优先推荐；LWW MEDICINE 黑名单除外,2026-09-10
Journal of the American Board of Family Medicine,J AM BOARD FAM MED,1557-2625,1558-7118,Medicine-in-name,1,白名单优先推荐；LWW MEDICINE 黑名单除外,2026-09-10
JOURNAL OF THE ROYAL SOCIETY OF MEDICINE,J ROY SOC MED,0141-0768,1758-1095,Medicine-in-name,1,白名单优先推荐；LWW MEDICINE 黑名单除外,2026-09-10
Journal of Tissue Engineering and Regenerative Medicine,J TISSUE ENG REGEN M,1932-6254,1932-7005,Medicine-in-name,1,白名单优先推荐；LWW MEDICINE 黑名单除外,2026-09-10
JOURNAL OF TRACE ELEMENTS IN MEDICINE AND BIOLOGY,J TRACE ELEM MED BIO,0946-672X,1878-3252,Medicine-in-name,1,白名单优先推荐；LWW MEDICINE 黑名单除外,2026-09-10
Journal of Traditional and Complementary Medicine,J TRADIT COMPL MED,2225-4110,2225-4110,Medicine-in-name,1,白名单优先推荐；LWW MEDICINE 黑名单除外,2026-09-10
Journal of Traditional Chinese Medicine,J TRADIT CHIN MED,0255-2922,1577-7014,Medicine-in-name,1,白名单优先推荐；LWW MEDICINE 黑名单除外,2026-09-10
Journal of Translational Internal Medicine,J TRANSL INTERN MED,2450-131X,2224-4018,Medicine-in-name,1,白名单优先推荐；LWW MEDICINE 黑名单除外,2026-09-10
Journal of Translational Medicine,J TRANSL MED,,1479-5876,Medicine-in-name,1,白名单优先推荐；LWW MEDICINE 黑名单除外,2026-09-10
JOURNAL OF TRAVEL MEDICINE,J TRAVEL MED,1195-1982,1708-8305,Medicine-in-name,1,白名单优先推荐；LWW MEDICINE 黑名单除外,2026-09-10
Journal of Tropical Medicine,J TROP MED-US,1687-9686,1687-9694,Medicine-in-name,1,白名单优先推荐；LWW MEDICINE 黑名单除外,2026-09-10
JOURNAL OF ULTRASOUND IN MEDICINE,J ULTRAS MED,0278-4297,1550-9613,Medicine-in-name,1,白名单优先推荐；LWW MEDICINE 黑名单除外,2026-09-10
JOURNAL OF URBAN HEALTH-BULLETIN OF THE NEW YORK ACADEMY OF MEDICINE,J URBAN HEALTH,1099-3460,1468-2869,Medicine-in-name,1,白名单优先推荐；LWW MEDICINE 黑名单除外,2026-09-10
Kidney Medicine,KIDNEY MED,2590-0595,2590-0595,Medicine-in-name,1,白名单优先推荐；LWW MEDICINE 黑名单除外,2026-09-10
Korean Journal of Family Medicine,KOREAN J FAM MED,2092-6715,2092-6715,Medicine-in-name,1,白名单优先推荐；LWW MEDICINE 黑名单除外,2026-09-10
KOREAN JOURNAL OF INTERNAL MEDICINE,KOREAN J INTERN MED,1226-3303,2005-6648,Medicine-in-name,1,白名单优先推荐；LWW MEDICINE 黑名单除外,2026-09-10
Lancet Respiratory Medicine,LANCET RESP MED,2213-2600,,Medicine-in-name,1,白名单优先推荐；LWW MEDICINE 黑名单除外,2026-09-10
LASERS IN SURGERY AND MEDICINE,LASER SURG MED,0196-8092,1096-9101,Medicine-in-name,1,白名单优先推荐；LWW MEDICINE 黑名单除外,2026-09-10
Legal Medicine,LEGAL MED-TOKYO,1344-6223,1344-6223,Medicine-in-name,1,白名单优先推荐；LWW MEDICINE 黑名单除外,2026-09-10
Libyan Journal of Medicine,LIBYAN J MED,1993-2820,1819-6357,Medicine-in-name,1,白名单优先推荐；LWW MEDICINE 黑名单除外,2026-09-10
Life Medicine,LIFE MED,,2755-1733,Medicine-in-name,1,白名单优先推荐；LWW MEDICINE 黑名单除外,2026-09-10
Lupus Science & Medicine,LUPUS SCI MED,2053-8790,2053-8790,Medicine-in-name,1,白名单优先推荐；LWW MEDICINE 黑名单除外,2026-09-10
MAGNETIC RESONANCE IN MEDICINE,MAGN RESON MED,0740-3194,1522-2594,Medicine-in-name,1,白名单优先推荐；LWW MEDICINE 黑名单除外,2026-09-10
MAGNETIC RESONANCE MATERIALS IN PHYSICS BIOLOGY AND MEDICINE,MAGN RESON MATER PHY,1352-8661,1352-8661,Medicine-in-name,1,白名单优先推荐；LWW MEDICINE 黑名单除外,2026-09-10
Maternal-Fetal Medicine,MATERN-FETAL MED,2096-6954,2641-5895,Medicine-in-name,1,白名单优先推荐；LWW MEDICINE 黑名单除外,2026-09-10
Mechanobiology in Medicine,MECHANOBIOL MED,,2949-9070,Medicine-in-name,1,白名单优先推荐；LWW MEDICINE 黑名单除外,2026-09-10
MEDICINE & SCIENCE IN SPORTS & EXERCISE,MED SCI SPORT EXER,0195-9131,1530-0315,Medicine-in-name,1,白名单优先推荐；LWW MEDICINE 黑名单除外,2026-09-10
Medicine Advances,MED ADV,2834-4391,2834-4405,Medicine-in-name,1,白名单优先推荐；LWW MEDICINE 黑名单除外,2026-09-10
Medicine in Novel Technology and Devices,MED NOV TECHNOL DEV,,2590-0935,Medicine-in-name,1,白名单优先推荐；LWW MEDICINE 黑名单除外,2026-09-10
MEDICINE SCIENCE AND THE LAW,MED SCI LAW,0025-8024,2042-1818,Medicine-in-name,1,白名单优先推荐；LWW MEDICINE 黑名单除外,2026-09-10
METHODS OF INFORMATION IN MEDICINE,METHOD INFORM MED,0026-1270,2511-705X,Medicine-in-name,1,白名单优先推荐；LWW MEDICINE 黑名单除外,2026-09-10
MILITARY MEDICINE,MIL MED,0026-4075,1930-613X,Medicine-in-name,1,白名单优先推荐；LWW MEDICINE 黑名单除外,2026-09-10
MOLECULAR ASPECTS OF MEDICINE,MOL ASPECTS MED,0098-2997,1872-9452,Medicine-in-name,1,白名单优先推荐；LWW MEDICINE 黑名单除外,2026-09-10
Molecular Biomedicine,MOL BIOMED,,2662-8651,Medicine-in-name,1,白名单优先推荐；LWW MEDICINE 黑名单除外,2026-09-10
MOLECULAR MEDICINE,MOL MED,1076-1551,1528-3658,Medicine-in-name,1,白名单优先推荐；LWW MEDICINE 黑名单除外,2026-09-10
Molecular Medicine Reports,MOL MED REP,1791-2997,1791-3004,Medicine-in-name,1,白名单优先推荐；LWW MEDICINE 黑名单除外,2026-09-10
Montenegrin Journal of Sports Science and Medicine,MONTENEGRIN J SPORT,1800-8755,1800-8763,Medicine-in-name,1,白名单优先推荐；LWW MEDICINE 黑名单除外,2026-09-10
Multidisciplinary Respiratory Medicine,MULTIDISCIP RESP MED,1828-695X,2049-6958,Medicine-in-name,1,白名单优先推荐；LWW MEDICINE 黑名单除外,2026-09-10
Nanomedicine,NANOMEDICINE-UK,1743-5889,1748-6963,Medicine-in-name,1,白名单优先推荐；LWW MEDICINE 黑名单除外,2026-09-10
Nanomedicine-Nanotechnology Biology and Medicine,NANOMED-NANOTECHNOL,1549-9634,1549-9642,Medicine-in-name,1,白名单优先推荐；LWW MEDICINE 黑名单除外,2026-09-10
NATURE MEDICINE,NAT MED,1078-8956,1546-170X,Medicine-in-name,1,白名单优先推荐；LWW MEDICINE 黑名单除外,2026-09-10
NEUROMOLECULAR MEDICINE,NEUROMOL MED,1535-1084,1559-1174,Medicine-in-name,1,白名单优先推荐；LWW MEDICINE 黑名单除外,2026-09-10
NEW ENGLAND JOURNAL OF MEDICINE,NEW ENGL J MED,0028-4793,1533-4406,Medicine-in-name,1,白名单优先推荐；LWW MEDICINE 黑名单除外,2026-09-10
NMR IN BIOMEDICINE,NMR BIOMED,0952-3480,1099-1492,Medicine-in-name,1,白名单优先推荐；LWW MEDICINE 黑名单除外,2026-09-10
npj Digital Medicine,NPJ DIGIT MED,2398-6352,2398-6352,Medicine-in-name,1,白名单优先推荐；LWW MEDICINE 黑名单除外,2026-09-10
npj Genomic Medicine,NPJ GENOM MED,,2056-7944,Medicine-in-name,1,白名单优先推荐；LWW MEDICINE 黑名单除外,2026-09-10
npj Primary Care Respiratory Medicine,NPJ PRIM CARE RESP M,,2055-1010,Medicine-in-name,1,白名单优先推荐；LWW MEDICINE 黑名单除外,2026-09-10
npj Regenerative Medicine,NPJ REGEN MED,,2057-3995,Medicine-in-name,1,白名单优先推荐；LWW MEDICINE 黑名单除外,2026-09-10
NUCLEAR MEDICINE AND BIOLOGY,NUCL MED BIOL,0969-8051,1872-9614,Medicine-in-name,1,白名单优先推荐；LWW MEDICINE 黑名单除外,2026-09-10
Nuclear Medicine and Molecular Imaging,NUCL MED MOLEC IMAG,1869-3474,1869-3482,Medicine-in-name,1,白名单优先推荐；LWW MEDICINE 黑名单除外,2026-09-10
NUCLEAR MEDICINE COMMUNICATIONS,NUCL MED COMMUN,0143-3636,1473-5628,Medicine-in-name,1,白名单优先推荐；LWW MEDICINE 黑名单除外,2026-09-10
NUKLEARMEDIZIN-NUCLEAR MEDICINE,NUKLEARMED-NUCL MED,0029-5566,2567-6407,Medicine-in-name,1,白名单优先推荐；LWW MEDICINE 黑名单除外,2026-09-10
OCCUPATIONAL AND ENVIRONMENTAL MEDICINE,OCCUP ENVIRON MED,1351-0711,1470-7926,Medicine-in-name,1,白名单优先推荐；LWW MEDICINE 黑名单除外,2026-09-10
OCCUPATIONAL MEDICINE-OXFORD,OCCUP MED-OXFORD,0962-7480,1471-8405,Medicine-in-name,1,白名单优先推荐；LWW MEDICINE 黑名单除外,2026-09-10
Open Access Emergency Medicine,OPEN ACCESS EMERG M,1179-1500,1179-1500,Medicine-in-name,1,白名单优先推荐；LWW MEDICINE 黑名单除外,2026-09-10
Open Access Journal of Sports Medicine,OPEN ACCESS J SPORTS,1179-1543,1179-1543,Medicine-in-name,1,白名单优先推荐；LWW MEDICINE 黑名单除外,2026-09-10
Open Medicine,OPEN MED-WARSAW,2391-5463,2391-5463,Medicine-in-name,1,白名单优先推荐；LWW MEDICINE 黑名单除外,2026-09-10
Oral Surgery Oral Medicine Oral Pathology Oral Radiology,OR SURG OR MED OR PA,2212-4403,2212-4411,Medicine-in-name,1,白名单优先推荐；LWW MEDICINE 黑名单除外,2026-09-10
Orthopaedic Journal of Sports Medicine,ORTHOP J SPORTS MED,,2325-9671,Medicine-in-name,1,白名单优先推荐；LWW MEDICINE 黑名单除外,2026-09-10
PAIN MEDICINE,PAIN MED,1526-2375,1526-4637,Medicine-in-name,1,白名单优先推荐；LWW MEDICINE 黑名单除外,2026-09-10
PALLIATIVE MEDICINE,PALLIATIVE MED,0269-2163,1477-030X,Medicine-in-name,1,白名单优先推荐；LWW MEDICINE 黑名单除外,2026-09-10
Pediatric Critical Care Medicine,PEDIATR CRIT CARE ME,1529-7535,1947-3893,Medicine-in-name,1,白名单优先推荐；LWW MEDICINE 黑名单除外,2026-09-10
Pediatric Health Medicine and Therapeutics,PEDIATR HEALTH MED T,,1179-9927,Medicine-in-name,1,白名单优先推荐；LWW MEDICINE 黑名单除外,2026-09-10
Perioperative Medicine,PERIOPER MED-LONDON,,2047-0525,Medicine-in-name,1,白名单优先推荐；LWW MEDICINE 黑名单除外,2026-09-10
Personalized Medicine in Psychiatry,PERS MED PSYCHIAT,2468-1717,2468-1725,Medicine-in-name,1,白名单优先推荐；LWW MEDICINE 黑名单除外,2026-09-10
Pharmaceutical Medicine,PHARM MED,1178-2595,1179-1993,Medicine-in-name,1,白名单优先推荐；LWW MEDICINE 黑名单除外,2026-09-10
Pharmacogenomics & Personalized Medicine,PHARMACOGEN PERS MED,,1178-7066,Medicine-in-name,1,白名单优先推荐；LWW MEDICINE 黑名单除外,2026-09-10
Philosophy Ethics and Humanities in Medicine,PHILOS ETHICS HUM ME,1747-5341,1747-5341,Medicine-in-name,1,白名单优先推荐；LWW MEDICINE 黑名单除外,2026-09-10
Photobiomodulation Photomedicine and Laser Surgery,PHOTOBIOMOD PHOTOMED,,2578-5478,Medicine-in-name,1,白名单优先推荐；LWW MEDICINE 黑名单除外,2026-09-10
PHOTODERMATOLOGY PHOTOIMMUNOLOGY & PHOTOMEDICINE,PHOTODERMATOL PHOTO,0905-4383,1600-0781,Medicine-in-name,1,白名单优先推荐；LWW MEDICINE 黑名单除外,2026-09-10
Physical and Engineering Sciences in Medicine,PHYS ENG SCI MED,2662-4729,2662-4737,Medicine-in-name,1,白名单优先推荐；LWW MEDICINE 黑名单除外,2026-09-10
Physical Medicine and Rehabilitation Clinics of North America,PHYS MED REH CLIN N,1047-9651,1558-1381,Medicine-in-name,1,白名单优先推荐；LWW MEDICINE 黑名单除外,2026-09-10
PHYSICIAN AND SPORTSMEDICINE,PHYSICIAN SPORTSMED,0091-3847,2326-3660,Medicine-in-name,1,白名单优先推荐；LWW MEDICINE 黑名单除外,2026-09-10
PHYSICS IN MEDICINE AND BIOLOGY,PHYS MED BIOL,0031-9155,1361-6560,Medicine-in-name,1,白名单优先推荐；LWW MEDICINE 黑名单除外,2026-09-10
PHYTOMEDICINE,PHYTOMEDICINE,0944-7113,1618-095X,Medicine-in-name,1,白名单优先推荐；LWW MEDICINE 黑名单除外,2026-09-10
PLOS MEDICINE,PLOS MED,1549-1277,1549-1676,Medicine-in-name,1,白名单优先推荐；LWW MEDICINE 黑名单除外,2026-09-10
Polish Archives of Internal Medicine-Polskie Archiwum Medycyny Wewnetrznej,POL ARCH INTERN MED,0032-3772,1897-9483,Medicine-in-name,1,白名单优先推荐；LWW MEDICINE 黑名单除外,2026-09-10
POSTGRADUATE MEDICINE,POSTGRAD MED,0032-5481,1941-9260,Medicine-in-name,1,白名单优先推荐；LWW MEDICINE 黑名单除外,2026-09-10
Practical Laboratory Medicine,PRACT LAB MED,,2352-5517,Medicine-in-name,1,白名单优先推荐；LWW MEDICINE 黑名单除外,2026-09-10
Precision and Future Medicine,PRECIS FUTURE MED,2508-7940,2508-7959,Medicine-in-name,1,白名单优先推荐；LWW MEDICINE 黑名单除外,2026-09-10
Precision Clinical Medicine,PRECIS CLIN MED,2096-5303,2516-1571,Medicine-in-name,1,白名单优先推荐；LWW MEDICINE 黑名单除外,2026-09-10
Prehospital and Disaster Medicine,PREHOSP DISASTER MED,1049-023X,1945-1938,Medicine-in-name,1,白名单优先推荐；LWW MEDICINE 黑名单除外,2026-09-10
Preventive Medicine,PREV MED,0091-7435,1096-0260,Medicine-in-name,1,白名单优先推荐；LWW MEDICINE 黑名单除外,2026-09-10
Preventive Medicine Reports,PREV MED REP,,2211-3355,Medicine-in-name,1,白名单优先推荐；LWW MEDICINE 黑名单除外,2026-09-10
Progress in Rehabilitation Medicine,PROG REHABIL MED,,2432-1354,Medicine-in-name,1,白名单优先推荐；LWW MEDICINE 黑名单除外,2026-09-10
Psychedelic Medicine,PSYCHEDELIC MED,2831-4425,2831-4433,Medicine-in-name,1,白名单优先推荐；LWW MEDICINE 黑名单除外,2026-09-10
PSYCHOLOGICAL MEDICINE,PSYCHOL MED,0033-2917,1469-8978,Medicine-in-name,1,白名单优先推荐；LWW MEDICINE 黑名单除外,2026-09-10
Psychology Health & Medicine,PSYCHOL HEALTH MED,1354-8506,1465-3966,Medicine-in-name,1,白名单优先推荐；LWW MEDICINE 黑名单除外,2026-09-10
PSYCHOSOMATIC MEDICINE,PSYCHOSOM MED,0033-3174,,Medicine-in-name,1,白名单优先推荐；LWW MEDICINE 黑名单除外,2026-09-10
Pulmonary Medicine,PULM MED,2090-1836,2090-1844,Medicine-in-name,1,白名单优先推荐；LWW MEDICINE 黑名单除外,2026-09-10
QJM-AN INTERNATIONAL JOURNAL OF MEDICINE,QJM-INT J MED,1460-2725,1460-2393,Medicine-in-name,1,白名单优先推荐；LWW MEDICINE 黑名单除外,2026-09-10
Quantitative Imaging in Medicine and Surgery,QUANT IMAG MED SURG,2223-4292,2223-4306,Medicine-in-name,1,白名单优先推荐；LWW MEDICINE 黑名单除外,2026-09-10
QUARTERLY JOURNAL OF NUCLEAR MEDICINE AND MOLECULAR IMAGING,Q J NUCL MED MOL IM,1824-4785,1827-1936,Medicine-in-name,1,白名单优先推荐；LWW MEDICINE 黑名单除外,2026-09-10
Redox Experimental Medicine,REDOX EXP MED,,2755-158X,Medicine-in-name,1,白名单优先推荐；LWW MEDICINE 黑名单除外,2026-09-10
Regenerative Engineering and Translational Medicine,REGEN ENG TRANSL MED,2364-4133,2364-4141,Medicine-in-name,1,白名单优先推荐；LWW MEDICINE 黑名单除外,2026-09-10
Regenerative Medicine,REGEN MED,1746-0751,1746-076X,Medicine-in-name,1,白名单优先推荐；LWW MEDICINE 黑名单除外,2026-09-10
REGIONAL ANESTHESIA AND PAIN MEDICINE,REGION ANESTH PAIN M,1098-7339,1532-8651,Medicine-in-name,1,白名单优先推荐；LWW MEDICINE 黑名单除外,2026-09-10
REPRODUCTIVE BIOMEDICINE ONLINE,REPROD BIOMED ONLINE,1472-6483,1472-6491,Medicine-in-name,1,白名单优先推荐；LWW MEDICINE 黑名单除外,2026-09-10
Reproductive Medicine and Biology,REPROD MED BIOL,1445-5781,1447-0578,Medicine-in-name,1,白名单优先推荐；LWW MEDICINE 黑名单除外,2026-09-10
Research and Reports in Tropical Medicine,RES REP TROP MED,1179-7282,1179-7282,Medicine-in-name,1,白名单优先推荐；LWW MEDICINE 黑名单除外,2026-09-10
Research in Sports Medicine,RES SPORTS MED,1543-8627,1543-8635,Medicine-in-name,1,白名单优先推荐；LWW MEDICINE 黑名单除外,2026-09-10
RESPIRATORY MEDICINE,RESP MED,0954-6111,1532-3064,Medicine-in-name,1,白名单优先推荐；LWW MEDICINE 黑名单除外,2026-09-10
Respiratory Medicine and Research,RESPIR MED RES-FRANC,,2590-0412,Medicine-in-name,1,白名单优先推荐；LWW MEDICINE 黑名单除外,2026-09-10
Reviews in Cardiovascular Medicine,REV CARDIOVASC MED,1530-6550,2153-8174,Medicine-in-name,1,白名单优先推荐；LWW MEDICINE 黑名单除外,2026-09-10
Romanian Journal of Internal Medicine,ROM J INTERN MED,1582-3296,2501-062X,Medicine-in-name,1,白名单优先推荐；LWW MEDICINE 黑名单除外,2026-09-10
SAGE Open Medicine,SAGE OPEN MED,2050-3121,2050-3121,Medicine-in-name,1,白名单优先推荐；LWW MEDICINE 黑名单除外,2026-09-10
Saudi Journal of Medicine & Medical Sciences,SAUDI J MED MED SCI,1658-631X,2321-4856,Medicine-in-name,1,白名单优先推荐；LWW MEDICINE 黑名单除外,2026-09-10
SCANDINAVIAN JOURNAL OF MEDICINE & SCIENCE IN SPORTS,SCAND J MED SCI SPOR,0905-7188,1600-0838,Medicine-in-name,1,白名单优先推荐；LWW MEDICINE 黑名单除外,2026-09-10
Scandinavian Journal of Trauma Resuscitation & Emergency Medicine,SCAND J TRAUMA RESUS,1757-7241,1757-7241,Medicine-in-name,1,白名单优先推荐；LWW MEDICINE 黑名单除外,2026-09-10
Science and Medicine in Football,SCI MED FOOTBALL,2473-3938,2473-4446,Medicine-in-name,1,白名单优先推荐；LWW MEDICINE 黑名单除外,2026-09-10
Science Translational Medicine,SCI TRANSL MED,1946-6234,1946-6242,Medicine-in-name,1,白名单优先推荐；LWW MEDICINE 黑名单除外,2026-09-10
Seminars in Fetal & Neonatal Medicine,SEMIN FETAL NEONAT M,1744-165X,1878-0946,Medicine-in-name,1,白名单优先推荐；LWW MEDICINE 黑名单除外,2026-09-10
SEMINARS IN NUCLEAR MEDICINE,SEMIN NUCL MED,0001-2998,1558-4623,Medicine-in-name,1,白名单优先推荐；LWW MEDICINE 黑名单除外,2026-09-10
SEMINARS IN REPRODUCTIVE MEDICINE,SEMIN REPROD MED,1526-8004,1526-4564,Medicine-in-name,1,白名单优先推荐；LWW MEDICINE 黑名单除外,2026-09-10
SEMINARS IN RESPIRATORY AND CRITICAL CARE MEDICINE,SEMIN RESP CRIT CARE,1069-3424,1098-9048,Medicine-in-name,1,白名单优先推荐；LWW MEDICINE 黑名单除外,2026-09-10
Sexual Medicine,SEX MED-UK,,2050-1161,Medicine-in-name,1,白名单优先推荐；LWW MEDICINE 黑名单除外,2026-09-10
Sexual Medicine Reviews,SEX MED REV,2050-0513,2050-0521,Medicine-in-name,1,白名单优先推荐；LWW MEDICINE 黑名单除外,2026-09-10
SLEEP MEDICINE,SLEEP MED,1389-9457,1878-5506,Medicine-in-name,1,白名单优先推荐；LWW MEDICINE 黑名单除外,2026-09-10
Sleep Medicine Clinics,SLEEP MED CLIN,1556-407X,1556-4088,Medicine-in-name,1,白名单优先推荐；LWW MEDICINE 黑名单除外,2026-09-10
SLEEP MEDICINE REVIEWS,SLEEP MED REV,1087-0792,1532-2955,Medicine-in-name,1,白名单优先推荐；LWW MEDICINE 黑名单除外,2026-09-10
Sleep Medicine-X,SLEEP MED-X,,2590-1427,Medicine-in-name,1,白名单优先推荐；LWW MEDICINE 黑名单除外,2026-09-10
Smart Medicine,SMART MED,2751-1871,2751-1871,Medicine-in-name,1,白名单优先推荐；LWW MEDICINE 黑名单除外,2026-09-10
SOCIAL SCIENCE & MEDICINE,SOC SCI MED,0277-9536,1873-5347,Medicine-in-name,1,白名单优先推荐；LWW MEDICINE 黑名单除外,2026-09-10
SOUTHERN AFRICAN JOURNAL OF HIV MEDICINE,S AFR J HIV MED,1608-9693,2078-6751,Medicine-in-name,1,白名单优先推荐；LWW MEDICINE 黑名单除外,2026-09-10
SPORTS MEDICINE,SPORTS MED,0112-1642,1179-2035,Medicine-in-name,1,白名单优先推荐；LWW MEDICINE 黑名单除外,2026-09-10
SPORTS MEDICINE AND ARTHROSCOPY REVIEW,SPORTS MED ARTHROSC,1062-8592,1538-1951,Medicine-in-name,1,白名单优先推荐；LWW MEDICINE 黑名单除外,2026-09-10
Sports Medicine and Health Science,SPORTS MED HLTH SCI,2097-6291,2666-3376,Medicine-in-name,1,白名单优先推荐；LWW MEDICINE 黑名单除外,2026-09-10
Sports Medicine-Open,SPORTS MED-OPEN,2199-1170,2198-9761,Medicine-in-name,1,白名单优先推荐；LWW MEDICINE 黑名单除外,2026-09-10
STATISTICS IN MEDICINE,STAT MED,0277-6715,1097-0258,Medicine-in-name,1,白名单优先推荐；LWW MEDICINE 黑名单除外,2026-09-10
Stem Cells Translational Medicine,STEM CELL TRANSL MED,2157-6564,2157-6580,Medicine-in-name,1,白名单优先推荐；LWW MEDICINE 黑名单除外,2026-09-10
Systems Biology in Reproductive Medicine,SYST BIOL REPROD MED,1939-6368,1939-6376,Medicine-in-name,1,白名单优先推荐；LWW MEDICINE 黑名单除外,2026-09-10
TEACHING AND LEARNING IN MEDICINE,TEACH LEARN MED,1040-1334,1532-8015,Medicine-in-name,1,白名单优先推荐；LWW MEDICINE 黑名单除外,2026-09-10
Telemedicine and e-Health,TELEMED E-HEALTH,1530-5627,1556-3669,Medicine-in-name,1,白名单优先推荐；LWW MEDICINE 黑名单除外,2026-09-10
Telemedicine Reports,TELEMED REP,,2692-4366,Medicine-in-name,1,白名单优先推荐；LWW MEDICINE 黑名单除外,2026-09-10
THEORETICAL MEDICINE AND BIOETHICS,THEOR MED BIOETH,1386-7415,1573-1200,Medicine-in-name,1,白名单优先推荐；LWW MEDICINE 黑名单除外,2026-09-10
Therapeutic Advances in Pulmonary and Critical Care Medicine,THER ADV PULM CRIT C,,2976-8675,Medicine-in-name,1,白名单优先推荐；LWW MEDICINE 黑名单除外,2026-09-10
Tissue Engineering and Regenerative Medicine,TISSUE ENG REGEN MED,1738-2696,2212-5469,Medicine-in-name,1,白名单优先推荐；LWW MEDICINE 黑名单除外,2026-09-10
TOHOKU JOURNAL OF EXPERIMENTAL MEDICINE,TOHOKU J EXP MED,0040-8727,1349-3329,Medicine-in-name,1,白名单优先推荐；LWW MEDICINE 黑名单除外,2026-09-10
Traditional & Kampo Medicine,TRADIT KAMPO MED,,2053-4515,Medicine-in-name,1,白名单优先推荐；LWW MEDICINE 黑名单除外,2026-09-10
Traditional Medicine Research,TRADIT MED RES,2413-3973,2413-3973,Medicine-in-name,1,白名单优先推荐；LWW MEDICINE 黑名单除外,2026-09-10
TRANSACTIONS OF THE ROYAL SOCIETY OF TROPICAL MEDICINE AND HYGIENE,T ROY SOC TROP MED H,0035-9203,1878-3503,Medicine-in-name,1,白名单优先推荐；LWW MEDICINE 黑名单除外,2026-09-10
TRANSFUSION MEDICINE AND HEMOTHERAPY,TRANSFUS MED HEMOTH,1660-3796,1660-3818,Medicine-in-name,1,白名单优先推荐；LWW MEDICINE 黑名单除外,2026-09-10
TRANSFUSION MEDICINE REVIEWS,TRANSFUS MED REV,0887-7963,1532-9496,Medicine-in-name,1,白名单优先推荐；LWW MEDICINE 黑名单除外,2026-09-10
Translational Behavioral Medicine,TRANSL BEHAV MED,1869-6716,1613-9860,Medicine-in-name,1,白名单优先推荐；LWW MEDICINE 黑名单除外,2026-09-10
Translational Journal of the American College of Sports Medicine,TRANSL J AM COLL SPO,,2379-2868,Medicine-in-name,1,白名单优先推荐；LWW MEDICINE 黑名单除外,2026-09-10
Translational Sports Medicine,TRANSL SPORTS MED,,2573-8488,Medicine-in-name,1,白名单优先推荐；LWW MEDICINE 黑名单除外,2026-09-10
Travel Medicine and Infectious Disease,TRAVEL MED INFECT DI,1477-8939,1873-0442,Medicine-in-name,1,白名单优先推荐；LWW MEDICINE 黑名单除外,2026-09-10
TRENDS IN CARDIOVASCULAR MEDICINE,TRENDS CARDIOVAS MED,1050-1738,1873-2615,Medicine-in-name,1,白名单优先推荐；LWW MEDICINE 黑名单除外,2026-09-10
TRENDS IN MOLECULAR MEDICINE,TRENDS MOL MED,1471-4914,1471-499X,Medicine-in-name,1,白名单优先推荐；LWW MEDICINE 黑名单除外,2026-09-10
Tropical Diseases Travel Medicine and Vaccines,TROP DIS TRAVEL MED,2055-0936,2055-0936,Medicine-in-name,1,白名单优先推荐；LWW MEDICINE 黑名单除外,2026-09-10
TROPICAL MEDICINE & INTERNATIONAL HEALTH,TROP MED INT HEALTH,1360-2276,1365-3156,Medicine-in-name,1,白名单优先推荐；LWW MEDICINE 黑名单除外,2026-09-10
Tropical Medicine and Health,TROP MED HEALTH,1348-8945,1349-4147,Medicine-in-name,1,白名单优先推荐；LWW MEDICINE 黑名单除外,2026-09-10
Tropical Medicine and Infectious Disease,TROP MED INFECT DIS,,2414-6366,Medicine-in-name,1,白名单优先推荐；LWW MEDICINE 黑名单除外,2026-09-10
Turkish Journal of Emergency Medicine,TURK J EMERG MED,2452-2473,2452-2473,Medicine-in-name,1,白名单优先推荐；LWW MEDICINE 黑名单除外,2026-09-10
Turkish Journal of Physical Medicine and Rehabilitation,TURK J PH MED REHAB,,2587-1250,Medicine-in-name,1,白名单优先推荐；LWW MEDICINE 黑名单除外,2026-09-10
ULTRASOUND IN MEDICINE AND BIOLOGY,ULTRASOUND MED BIOL,0301-5629,1879-291X,Medicine-in-name,1,白名单优先推荐；LWW MEDICINE 黑名单除外,2026-09-10
Vasa-European Journal of Vascular Medicine,VASA,0301-1526,1664-2872,Medicine-in-name,1,白名单优先推荐；LWW MEDICINE 黑名单除外,2026-09-10
VASCULAR MEDICINE,VASC MED,1358-863X,1477-0377,Medicine-in-name,1,白名单优先推荐；LWW MEDICINE 黑名单除外,2026-09-10
Visceral Medicine,VISC MED,2297-4725,2297-475X,Medicine-in-name,1,白名单优先推荐；LWW MEDICINE 黑名单除外,2026-09-10
Western Journal of Emergency Medicine,WEST J EMERG MED,1936-900X,1936-9018,Medicine-in-name,1,白名单优先推荐；LWW MEDICINE 黑名单除外,2026-09-10
WILDERNESS & ENVIRONMENTAL MEDICINE,WILD ENVIRON MED,1080-6032,1545-1534,Medicine-in-name,1,白名单优先推荐；LWW MEDICINE 黑名单除外,2026-09-10
Wiley Interdisciplinary Reviews-Nanomedicine and Nanobiotechnology,WIRES NANOMED NANOBI,1939-5116,1939-0041,Medicine-in-name,1,白名单优先推荐；LWW MEDICINE 黑名单除外,2026-09-10
World Journal Of Emergency Medicine,WORLD J EMERG MED,1920-8642,1920-8642,Medicine-in-name,1,白名单优先推荐；LWW MEDICINE 黑名单除外,2026-09-10
World Journal of Traditional Chinese Medicine,WORLD J TRAD CHINESE,2311-8571,2589-2894,Medicine-in-name,1,白名单优先推荐；LWW MEDICINE 黑名单除外,2026-09-10
YALE JOURNAL OF BIOLOGY AND MEDICINE,YALE J BIOL MED,0044-0086,1551-4056,Medicine-in-name,1,白名单优先推荐；LWW MEDICINE 黑名单除外,2026-09-10
